<annotation>
	<folder>pen</folder>
	<filename>42.jpg</filename>
	<path>C:\Users\dongjae\[datacampus]\cumstom_dataset\sample_images\pen\42.jpg</path>
	<source>
		<database>Unknown</database>
	</source>
	<size>
		<width>340</width>
		<height>340</height>
		<depth>3</depth>
	</size>
	<segmented>0</segmented>
	<object>
		<name>pen(pencil)</name>
		<pose>Unspecified</pose>
		<truncated>1</truncated>
		<difficult>0</difficult>
		<bndbox>
			<xmin>133</xmin>
			<ymin>70</ymin>
			<xmax>201</xmax>
			<ymax>340</ymax>
		</bndbox>
	</object>
</annotation>
