<annotation>
	<folder>pen</folder>
	<filename>24.png</filename>
	<path>C:\Users\dongjae\[datacampus]\cumstom_dataset\sample_images\pen\24.png</path>
	<source>
		<database>Unknown</database>
	</source>
	<size>
		<width>0</width>
		<height>0</height>
		<depth>3</depth>
	</size>
	<segmented>0</segmented>
	<object>
		<name>pen(pencil)</name>
		<pose>Unspecified</pose>
		<truncated>0</truncated>
		<difficult>0</difficult>
		<bndbox>
			<xmin>86</xmin>
			<ymin>25</ymin>
			<xmax>251</xmax>
			<ymax>313</ymax>
		</bndbox>
	</object>
</annotation>
