<annotation>
	<folder>pen</folder>
	<filename>105.png</filename>
	<path>C:\Users\dongjae\[datacampus]\cumstom_dataset\sample_images\pen\105.png</path>
	<source>
		<database>Unknown</database>
	</source>
	<size>
		<width>0</width>
		<height>0</height>
		<depth>3</depth>
	</size>
	<segmented>0</segmented>
	<object>
		<name>pen(pencil)</name>
		<pose>Unspecified</pose>
		<truncated>0</truncated>
		<difficult>0</difficult>
		<bndbox>
			<xmin>7</xmin>
			<ymin>31</ymin>
			<xmax>318</xmax>
			<ymax>396</ymax>
		</bndbox>
	</object>
</annotation>
