<annotation>
	<folder>pen_annotations</folder>
	<filename>14.png</filename>
	<path>C:\Users\dongjae\[datacampus]\cumstom_dataset\sample_imagesannotations\pen_annotations\14.png</path>
	<source>
		<database>Unknown</database>
	</source>
	<size>
		<width>256</width>
		<height>197</height>
		<depth>3</depth>
	</size>
	<segmented>0</segmented>
	<object>
		<name>pen(pencil)</name>
		<pose>Unspecified</pose>
		<truncated>0</truncated>
		<difficult>0</difficult>
		<bndbox>
			<xmin>17</xmin>
			<ymin>86</ymin>
			<xmax>241</xmax>
			<ymax>114</ymax>
		</bndbox>
	</object>
</annotation>
