<annotation>
	<folder>cellphone</folder>
	<filename>385.jpg</filename>
	<path>C:\Users\su221\1st Project\sample_img\cellphone\385.jpg</path>
	<source>
		<database>Unknown</database>
	</source>
	<size>
		<width>340</width>
		<height>451</height>
		<depth>3</depth>
	</size>
	<segmented>0</segmented>
	<object>
		<name>cell phone</name>
		<pose>Unspecified</pose>
		<truncated>0</truncated>
		<difficult>0</difficult>
		<bndbox>
			<xmin>181</xmin>
			<ymin>39</ymin>
			<xmax>316</xmax>
			<ymax>315</ymax>
		</bndbox>
	</object>
	<object>
		<name>cell phone</name>
		<pose>Unspecified</pose>
		<truncated>0</truncated>
		<difficult>0</difficult>
		<bndbox>
			<xmin>23</xmin>
			<ymin>53</ymin>
			<xmax>148</xmax>
			<ymax>311</ymax>
		</bndbox>
	</object>
</annotation>
