<annotation>
	<folder>cellphone</folder>
	<filename>344.jpg</filename>
	<path>C:\Users\su221\1st Project\sample_img\cellphone\344.jpg</path>
	<source>
		<database>Unknown</database>
	</source>
	<size>
		<width>340</width>
		<height>227</height>
		<depth>3</depth>
	</size>
	<segmented>0</segmented>
	<object>
		<name>cell phone</name>
		<pose>Unspecified</pose>
		<truncated>1</truncated>
		<difficult>0</difficult>
		<bndbox>
			<xmin>271</xmin>
			<ymin>92</ymin>
			<xmax>339</xmax>
			<ymax>227</ymax>
		</bndbox>
	</object>
	<object>
		<name>cell phone</name>
		<pose>Unspecified</pose>
		<truncated>0</truncated>
		<difficult>0</difficult>
		<bndbox>
			<xmin>131</xmin>
			<ymin>75</ymin>
			<xmax>277</xmax>
			<ymax>226</ymax>
		</bndbox>
	</object>
	<object>
		<name>cell phone</name>
		<pose>Unspecified</pose>
		<truncated>1</truncated>
		<difficult>0</difficult>
		<bndbox>
			<xmin>5</xmin>
			<ymin>65</ymin>
			<xmax>161</xmax>
			<ymax>227</ymax>
		</bndbox>
	</object>
</annotation>
