<annotation>
	<folder>cellphone</folder>
	<filename>91.jpg</filename>
	<path>C:\Users\su221\1st Project\sample_img\cellphone\91.jpg</path>
	<source>
		<database>Unknown</database>
	</source>
	<size>
		<width>340</width>
		<height>191</height>
		<depth>3</depth>
	</size>
	<segmented>0</segmented>
	<object>
		<name>cell phone</name>
		<pose>Unspecified</pose>
		<truncated>0</truncated>
		<difficult>0</difficult>
		<bndbox>
			<xmin>141</xmin>
			<ymin>26</ymin>
			<xmax>273</xmax>
			<ymax>125</ymax>
		</bndbox>
	</object>
	<object>
		<name>cell phone</name>
		<pose>Unspecified</pose>
		<truncated>0</truncated>
		<difficult>0</difficult>
		<bndbox>
			<xmin>80</xmin>
			<ymin>61</ymin>
			<xmax>222</xmax>
			<ymax>173</ymax>
		</bndbox>
	</object>
</annotation>
