<annotation>
	<folder>cellphone</folder>
	<filename>34.JPG</filename>
	<path>C:\Users\su221\1st Project\sample_img\cellphone\34.JPG</path>
	<source>
		<database>Unknown</database>
	</source>
	<size>
		<width>340</width>
		<height>226</height>
		<depth>3</depth>
	</size>
	<segmented>0</segmented>
	<object>
		<name>cell phone</name>
		<pose>Unspecified</pose>
		<truncated>0</truncated>
		<difficult>0</difficult>
		<bndbox>
			<xmin>55</xmin>
			<ymin>37</ymin>
			<xmax>286</xmax>
			<ymax>204</ymax>
		</bndbox>
	</object>
</annotation>
