<annotation>
	<folder>cellphone</folder>
	<filename>328.JPG</filename>
	<path>C:\Users\su221\1st Project\sample_img\cellphone\328.JPG</path>
	<source>
		<database>Unknown</database>
	</source>
	<size>
		<width>340</width>
		<height>254</height>
		<depth>3</depth>
	</size>
	<segmented>0</segmented>
	<object>
		<name>cell phone</name>
		<pose>Unspecified</pose>
		<truncated>0</truncated>
		<difficult>0</difficult>
		<bndbox>
			<xmin>126</xmin>
			<ymin>36</ymin>
			<xmax>238</xmax>
			<ymax>239</ymax>
		</bndbox>
	</object>
</annotation>
