<annotation>
	<folder>cellphone</folder>
	<filename>338.JPG</filename>
	<path>C:\Users\su221\1st Project\sample_img\cellphone\338.JPG</path>
	<source>
		<database>Unknown</database>
	</source>
	<size>
		<width>340</width>
		<height>236</height>
		<depth>3</depth>
	</size>
	<segmented>0</segmented>
	<object>
		<name>cell phone</name>
		<pose>Unspecified</pose>
		<truncated>0</truncated>
		<difficult>0</difficult>
		<bndbox>
			<xmin>89</xmin>
			<ymin>6</ymin>
			<xmax>321</xmax>
			<ymax>233</ymax>
		</bndbox>
	</object>
</annotation>
