<annotation>
	<folder>cellphone</folder>
	<filename>55.jpg</filename>
	<path>C:\Users\su221\1st Project\sample_img\cellphone\55.jpg</path>
	<source>
		<database>Unknown</database>
	</source>
	<size>
		<width>340</width>
		<height>255</height>
		<depth>3</depth>
	</size>
	<segmented>0</segmented>
	<object>
		<name>cell phone</name>
		<pose>Unspecified</pose>
		<truncated>0</truncated>
		<difficult>0</difficult>
		<bndbox>
			<xmin>176</xmin>
			<ymin>41</ymin>
			<xmax>297</xmax>
			<ymax>181</ymax>
		</bndbox>
	</object>
	<object>
		<name>cell phone</name>
		<pose>Unspecified</pose>
		<truncated>0</truncated>
		<difficult>0</difficult>
		<bndbox>
			<xmin>43</xmin>
			<ymin>41</ymin>
			<xmax>174</xmax>
			<ymax>187</ymax>
		</bndbox>
	</object>
</annotation>
