<annotation>
	<folder>desklamp_images</folder>
	<filename>desklamp_104.jpg</filename>
	<path>C:\Users\nayeo\DataCampus\data\desklamp_images\desklamp_104.jpg</path>
	<source>
		<database>Unknown</database>
	</source>
	<size>
		<width>340</width>
		<height>453</height>
		<depth>3</depth>
	</size>
	<segmented>0</segmented>
	<object>
		<name>desklamp</name>
		<pose>Unspecified</pose>
		<truncated>1</truncated>
		<difficult>0</difficult>
		<bndbox>
			<xmin>32</xmin>
			<ymin>45</ymin>
			<xmax>334</xmax>
			<ymax>453</ymax>
		</bndbox>
	</object>
</annotation>
