<annotation>
	<folder>desklamp_images</folder>
	<filename>desklamp_41.jpg</filename>
	<path>C:\Users\nayeo\DataCampus\data\desklamp_images\desklamp_41.jpg</path>
	<source>
		<database>Unknown</database>
	</source>
	<size>
		<width>340</width>
		<height>453</height>
		<depth>3</depth>
	</size>
	<segmented>0</segmented>
	<object>
		<name>desklamp</name>
		<pose>Unspecified</pose>
		<truncated>1</truncated>
		<difficult>0</difficult>
		<bndbox>
			<xmin>125</xmin>
			<ymin>11</ymin>
			<xmax>266</xmax>
			<ymax>453</ymax>
		</bndbox>
	</object>
</annotation>
