<annotation>
	<folder>desklamp_images</folder>
	<filename>desklamp_108.jpg</filename>
	<path>C:\Users\nayeo\DataCampus\data\desklamp_images\desklamp_108.jpg</path>
	<source>
		<database>Unknown</database>
	</source>
	<size>
		<width>340</width>
		<height>227</height>
		<depth>3</depth>
	</size>
	<segmented>0</segmented>
	<object>
		<name>desklamp</name>
		<pose>Unspecified</pose>
		<truncated>1</truncated>
		<difficult>0</difficult>
		<bndbox>
			<xmin>114</xmin>
			<ymin>6</ymin>
			<xmax>230</xmax>
			<ymax>227</ymax>
		</bndbox>
	</object>
</annotation>
