<annotation>
	<folder>desklamp_images</folder>
	<filename>desklamp_12.jpg</filename>
	<path>C:\Users\nayeo\DataCampus\data\desklamp_images\desklamp_12.jpg</path>
	<source>
		<database>Unknown</database>
	</source>
	<size>
		<width>340</width>
		<height>271</height>
		<depth>3</depth>
	</size>
	<segmented>0</segmented>
	<object>
		<name>desklamp</name>
		<pose>Unspecified</pose>
		<truncated>0</truncated>
		<difficult>0</difficult>
		<bndbox>
			<xmin>17</xmin>
			<ymin>18</ymin>
			<xmax>266</xmax>
			<ymax>192</ymax>
		</bndbox>
	</object>
	<object>
		<name>desklamp</name>
		<pose>Unspecified</pose>
		<truncated>0</truncated>
		<difficult>0</difficult>
		<bndbox>
			<xmin>59</xmin>
			<ymin>72</ymin>
			<xmax>324</xmax>
			<ymax>241</ymax>
		</bndbox>
	</object>
</annotation>
