<annotation>
	<folder>desklamp_images</folder>
	<filename>desklamp_31.jpg</filename>
	<path>C:\Users\nayeo\DataCampus\data\desklamp_images\desklamp_31.jpg</path>
	<source>
		<database>Unknown</database>
	</source>
	<size>
		<width>340</width>
		<height>377</height>
		<depth>3</depth>
	</size>
	<segmented>0</segmented>
	<object>
		<name>desklamp</name>
		<pose>Unspecified</pose>
		<truncated>0</truncated>
		<difficult>0</difficult>
		<bndbox>
			<xmin>12</xmin>
			<ymin>13</ymin>
			<xmax>331</xmax>
			<ymax>372</ymax>
		</bndbox>
	</object>
</annotation>
