<annotation>
	<folder>desklamp_images</folder>
	<filename>desklamp_152.jpg</filename>
	<path>C:\Users\nayeo\DataCampus\data\desklamp_images\desklamp_152.jpg</path>
	<source>
		<database>Unknown</database>
	</source>
	<size>
		<width>340</width>
		<height>358</height>
		<depth>1</depth>
	</size>
	<segmented>0</segmented>
	<object>
		<name>desklamp</name>
		<pose>Unspecified</pose>
		<truncated>0</truncated>
		<difficult>0</difficult>
		<bndbox>
			<xmin>106</xmin>
			<ymin>20</ymin>
			<xmax>230</xmax>
			<ymax>335</ymax>
		</bndbox>
	</object>
</annotation>
