<annotation>
	<folder>desklamp_images</folder>
	<filename>desklamp_206.jpg</filename>
	<path>C:\Users\nayeo\DataCampus\data\desklamp_images\desklamp_206.jpg</path>
	<source>
		<database>Unknown</database>
	</source>
	<size>
		<width>340</width>
		<height>340</height>
		<depth>3</depth>
	</size>
	<segmented>0</segmented>
	<object>
		<name>desklamp</name>
		<pose>Unspecified</pose>
		<truncated>0</truncated>
		<difficult>0</difficult>
		<bndbox>
			<xmin>27</xmin>
			<ymin>14</ymin>
			<xmax>163</xmax>
			<ymax>285</ymax>
		</bndbox>
	</object>
	<object>
		<name>desklamp</name>
		<pose>Unspecified</pose>
		<truncated>0</truncated>
		<difficult>0</difficult>
		<bndbox>
			<xmin>186</xmin>
			<ymin>70</ymin>
			<xmax>319</xmax>
			<ymax>334</ymax>
		</bndbox>
	</object>
</annotation>
