<annotation>
	<folder>desklamp_images</folder>
	<filename>desklamp_229.jpg</filename>
	<path>C:\Users\nayeo\DataCampus\data\desklamp_images\desklamp_229.jpg</path>
	<source>
		<database>Unknown</database>
	</source>
	<size>
		<width>340</width>
		<height>273</height>
		<depth>3</depth>
	</size>
	<segmented>0</segmented>
	<object>
		<name>desklamp</name>
		<pose>Unspecified</pose>
		<truncated>1</truncated>
		<difficult>0</difficult>
		<bndbox>
			<xmin>86</xmin>
			<ymin>17</ymin>
			<xmax>340</xmax>
			<ymax>240</ymax>
		</bndbox>
	</object>
	<object>
		<name>desklamp</name>
		<pose>Unspecified</pose>
		<truncated>0</truncated>
		<difficult>0</difficult>
		<bndbox>
			<xmin>14</xmin>
			<ymin>2</ymin>
			<xmax>129</xmax>
			<ymax>267</ymax>
		</bndbox>
	</object>
</annotation>
