<annotation>
	<folder>desklamp_images</folder>
	<filename>desklamp_169.jpg</filename>
	<path>C:\Users\nayeo\DataCampus\data\desklamp_images\desklamp_169.jpg</path>
	<source>
		<database>Unknown</database>
	</source>
	<size>
		<width>340</width>
		<height>340</height>
		<depth>3</depth>
	</size>
	<segmented>0</segmented>
	<object>
		<name>desklamp</name>
		<pose>Unspecified</pose>
		<truncated>0</truncated>
		<difficult>0</difficult>
		<bndbox>
			<xmin>108</xmin>
			<ymin>50</ymin>
			<xmax>220</xmax>
			<ymax>298</ymax>
		</bndbox>
	</object>
</annotation>
