<annotation>
	<folder>desklamp_images</folder>
	<filename>desklamp_243.jpg</filename>
	<path>C:\Users\nayeo\DataCampus\data\desklamp_images\desklamp_243.jpg</path>
	<source>
		<database>Unknown</database>
	</source>
	<size>
		<width>340</width>
		<height>425</height>
		<depth>3</depth>
	</size>
	<segmented>0</segmented>
	<object>
		<name>desklamp</name>
		<pose>Unspecified</pose>
		<truncated>0</truncated>
		<difficult>0</difficult>
		<bndbox>
			<xmin>64</xmin>
			<ymin>13</ymin>
			<xmax>318</xmax>
			<ymax>424</ymax>
		</bndbox>
	</object>
</annotation>
