<annotation>
	<folder>desklamp_images</folder>
	<filename>desklamp_123.jpg</filename>
	<path>C:\Users\nayeo\DataCampus\data\desklamp_images\desklamp_123.jpg</path>
	<source>
		<database>Unknown</database>
	</source>
	<size>
		<width>340</width>
		<height>331</height>
		<depth>3</depth>
	</size>
	<segmented>0</segmented>
	<object>
		<name>desklamp</name>
		<pose>Unspecified</pose>
		<truncated>1</truncated>
		<difficult>0</difficult>
		<bndbox>
			<xmin>9</xmin>
			<ymin>49</ymin>
			<xmax>144</xmax>
			<ymax>331</ymax>
		</bndbox>
	</object>
	<object>
		<name>desklamp</name>
		<pose>Unspecified</pose>
		<truncated>1</truncated>
		<difficult>0</difficult>
		<bndbox>
			<xmin>133</xmin>
			<ymin>13</ymin>
			<xmax>292</xmax>
			<ymax>331</ymax>
		</bndbox>
	</object>
</annotation>
