<annotation>
	<folder>mouse</folder>
	<filename>2.JPG</filename>
	<path>C:\Users\yangk\Desktop\DL\data\mouse\2.JPG</path>
	<source>
		<database>Unknown</database>
	</source>
	<size>
		<width>340</width>
		<height>255</height>
		<depth>3</depth>
	</size>
	<segmented>0</segmented>
	<object>
		<name>mouse</name>
		<pose>Unspecified</pose>
		<truncated>0</truncated>
		<difficult>0</difficult>
		<bndbox>
			<xmin>16</xmin>
			<ymin>89</ymin>
			<xmax>193</xmax>
			<ymax>239</ymax>
		</bndbox>
	</object>
	<object>
		<name>mouse</name>
		<pose>Unspecified</pose>
		<truncated>0</truncated>
		<difficult>0</difficult>
		<bndbox>
			<xmin>122</xmin>
			<ymin>32</ymin>
			<xmax>303</xmax>
			<ymax>198</ymax>
		</bndbox>
	</object>
</annotation>
