<annotation>
	<folder>mouse</folder>
	<filename>56.jpg</filename>
	<path>C:\Users\yangk\Desktop\DL\data\mouse\56.jpg</path>
	<source>
		<database>Unknown</database>
	</source>
	<size>
		<width>340</width>
		<height>192</height>
		<depth>3</depth>
	</size>
	<segmented>0</segmented>
	<object>
		<name>mouse</name>
		<pose>Unspecified</pose>
		<truncated>0</truncated>
		<difficult>0</difficult>
		<bndbox>
			<xmin>116</xmin>
			<ymin>21</ymin>
			<xmax>243</xmax>
			<ymax>174</ymax>
		</bndbox>
	</object>
</annotation>
