<annotation>
	<folder>mouse</folder>
	<filename>109.JPG</filename>
	<path>C:\Users\yangk\Desktop\DL\data\mouse\109.JPG</path>
	<source>
		<database>Unknown</database>
	</source>
	<size>
		<width>340</width>
		<height>226</height>
		<depth>3</depth>
	</size>
	<segmented>0</segmented>
	<object>
		<name>mouse</name>
		<pose>Unspecified</pose>
		<truncated>0</truncated>
		<difficult>0</difficult>
		<bndbox>
			<xmin>171</xmin>
			<ymin>67</ymin>
			<xmax>270</xmax>
			<ymax>205</ymax>
		</bndbox>
	</object>
</annotation>
