<annotation>
	<folder>mouse</folder>
	<filename>7.JPG</filename>
	<path>C:\Users\yangk\Desktop\DL\data\mouse\7.JPG</path>
	<source>
		<database>Unknown</database>
	</source>
	<size>
		<width>340</width>
		<height>224</height>
		<depth>3</depth>
	</size>
	<segmented>0</segmented>
	<object>
		<name>mouse</name>
		<pose>Unspecified</pose>
		<truncated>1</truncated>
		<difficult>0</difficult>
		<bndbox>
			<xmin>2</xmin>
			<ymin>29</ymin>
			<xmax>293</xmax>
			<ymax>224</ymax>
		</bndbox>
	</object>
</annotation>
