<annotation>
	<folder>mouse</folder>
	<filename>22.jpg</filename>
	<path>C:\Users\yangk\Desktop\DL\data\mouse\22.jpg</path>
	<source>
		<database>Unknown</database>
	</source>
	<size>
		<width>340</width>
		<height>227</height>
		<depth>3</depth>
	</size>
	<segmented>0</segmented>
	<object>
		<name>mouse</name>
		<pose>Unspecified</pose>
		<truncated>0</truncated>
		<difficult>0</difficult>
		<bndbox>
			<xmin>96</xmin>
			<ymin>42</ymin>
			<xmax>224</xmax>
			<ymax>193</ymax>
		</bndbox>
	</object>
</annotation>
