<annotation>
	<folder>mouse</folder>
	<filename>78.jpg</filename>
	<path>C:\Users\yangk\Desktop\DL\data\mouse\78.jpg</path>
	<source>
		<database>Unknown</database>
	</source>
	<size>
		<width>340</width>
		<height>255</height>
		<depth>3</depth>
	</size>
	<segmented>0</segmented>
	<object>
		<name>mouse</name>
		<pose>Unspecified</pose>
		<truncated>0</truncated>
		<difficult>0</difficult>
		<bndbox>
			<xmin>46</xmin>
			<ymin>5</ymin>
			<xmax>333</xmax>
			<ymax>163</ymax>
		</bndbox>
	</object>
</annotation>
