<annotation>
	<folder>mouse</folder>
	<filename>9.JPG</filename>
	<path>C:\Users\yangk\Desktop\DL\data\mouse\9.JPG</path>
	<source>
		<database>Unknown</database>
	</source>
	<size>
		<width>340</width>
		<height>227</height>
		<depth>3</depth>
	</size>
	<segmented>0</segmented>
	<object>
		<name>mouse</name>
		<pose>Unspecified</pose>
		<truncated>0</truncated>
		<difficult>0</difficult>
		<bndbox>
			<xmin>17</xmin>
			<ymin>6</ymin>
			<xmax>300</xmax>
			<ymax>202</ymax>
		</bndbox>
	</object>
</annotation>
