<annotation>
	<folder>mouse</folder>
	<filename>187.JPG</filename>
	<path>C:\Users\yangk\Desktop\DL\data\mouse\187.JPG</path>
	<source>
		<database>Unknown</database>
	</source>
	<size>
		<width>340</width>
		<height>165</height>
		<depth>3</depth>
	</size>
	<segmented>0</segmented>
	<object>
		<name>mouse</name>
		<pose>Unspecified</pose>
		<truncated>0</truncated>
		<difficult>0</difficult>
		<bndbox>
			<xmin>94</xmin>
			<ymin>37</ymin>
			<xmax>226</xmax>
			<ymax>124</ymax>
		</bndbox>
	</object>
</annotation>
