<annotation>
	<folder>mouse</folder>
	<filename>127.jpg</filename>
	<path>C:\Users\yangk\Desktop\DL\data\mouse\127.jpg</path>
	<source>
		<database>Unknown</database>
	</source>
	<size>
		<width>340</width>
		<height>255</height>
		<depth>3</depth>
	</size>
	<segmented>0</segmented>
	<object>
		<name>mouse</name>
		<pose>Unspecified</pose>
		<truncated>0</truncated>
		<difficult>0</difficult>
		<bndbox>
			<xmin>55</xmin>
			<ymin>3</ymin>
			<xmax>313</xmax>
			<ymax>217</ymax>
		</bndbox>
	</object>
</annotation>
