<annotation>
	<folder>mouse</folder>
	<filename>54.jpg</filename>
	<path>C:\Users\yangk\Desktop\DL\data\mouse\54.jpg</path>
	<source>
		<database>Unknown</database>
	</source>
	<size>
		<width>340</width>
		<height>227</height>
		<depth>3</depth>
	</size>
	<segmented>0</segmented>
	<object>
		<name>mouse</name>
		<pose>Unspecified</pose>
		<truncated>0</truncated>
		<difficult>0</difficult>
		<bndbox>
			<xmin>86</xmin>
			<ymin>62</ymin>
			<xmax>246</xmax>
			<ymax>190</ymax>
		</bndbox>
	</object>
</annotation>
