<annotation>
	<folder>mouse</folder>
	<filename>133.JPG</filename>
	<path>C:\Users\yangk\Desktop\DL\data\mouse\133.JPG</path>
	<source>
		<database>Unknown</database>
	</source>
	<size>
		<width>340</width>
		<height>255</height>
		<depth>3</depth>
	</size>
	<segmented>0</segmented>
	<object>
		<name>mouse</name>
		<pose>Unspecified</pose>
		<truncated>0</truncated>
		<difficult>0</difficult>
		<bndbox>
			<xmin>130</xmin>
			<ymin>70</ymin>
			<xmax>289</xmax>
			<ymax>177</ymax>
		</bndbox>
	</object>
</annotation>
