<annotation>
	<folder>stopwatch</folder>
	<filename>stopwatch_319.jpg</filename>
	<path>C:\Users\jooye\OneDrive - dongguk.edu\data campus\project\Crawling\downloads\stopwatch\stopwatch_319.jpg</path>
	<source>
		<database>Unknown</database>
	</source>
	<size>
		<width>888</width>
		<height>1185</height>
		<depth>3</depth>
	</size>
	<segmented>0</segmented>
	<object>
		<name>stopwatch</name>
		<pose>Unspecified</pose>
		<truncated>0</truncated>
		<difficult>0</difficult>
		<bndbox>
			<xmin>180</xmin>
			<ymin>352</ymin>
			<xmax>680</xmax>
			<ymax>879</ymax>
		</bndbox>
	</object>
</annotation>
