<annotation>
	<folder>stopwatch</folder>
	<filename>stopwatch_297.jpg</filename>
	<path>C:\Users\jooye\OneDrive - dongguk.edu\data campus\project\Crawling\downloads\stopwatch\stopwatch_297.jpg</path>
	<source>
		<database>Unknown</database>
	</source>
	<size>
		<width>1000</width>
		<height>1000</height>
		<depth>3</depth>
	</size>
	<segmented>0</segmented>
	<object>
		<name>stopwatch</name>
		<pose>Unspecified</pose>
		<truncated>0</truncated>
		<difficult>0</difficult>
		<bndbox>
			<xmin>137</xmin>
			<ymin>210</ymin>
			<xmax>873</xmax>
			<ymax>774</ymax>
		</bndbox>
	</object>
</annotation>
