<annotation>
	<folder>stopwatch</folder>
	<filename>stopwatch_173.jpg</filename>
	<path>C:\Users\jooye\OneDrive - dongguk.edu\data campus\project\Crawling\downloads\stopwatch\stopwatch_173.jpg</path>
	<source>
		<database>Unknown</database>
	</source>
	<size>
		<width>330</width>
		<height>330</height>
		<depth>3</depth>
	</size>
	<segmented>0</segmented>
	<object>
		<name>stopwatch</name>
		<pose>Unspecified</pose>
		<truncated>0</truncated>
		<difficult>0</difficult>
		<bndbox>
			<xmin>202</xmin>
			<ymin>104</ymin>
			<xmax>319</xmax>
			<ymax>221</ymax>
		</bndbox>
	</object>
	<object>
		<name>stopwatch</name>
		<pose>Unspecified</pose>
		<truncated>0</truncated>
		<difficult>0</difficult>
		<bndbox>
			<xmin>86</xmin>
			<ymin>100</ymin>
			<xmax>174</xmax>
			<ymax>214</ymax>
		</bndbox>
	</object>
	<object>
		<name>stopwatch</name>
		<pose>Unspecified</pose>
		<truncated>0</truncated>
		<difficult>0</difficult>
		<bndbox>
			<xmin>16</xmin>
			<ymin>101</ymin>
			<xmax>97</xmax>
			<ymax>215</ymax>
		</bndbox>
	</object>
</annotation>
