<annotation>
	<folder>stopwatch</folder>
	<filename>stopwatch_218.jpg</filename>
	<path>C:\Users\jooye\OneDrive - dongguk.edu\data campus\project\Crawling\downloads\stopwatch\stopwatch_218.jpg</path>
	<source>
		<database>Unknown</database>
	</source>
	<size>
		<width>500</width>
		<height>500</height>
		<depth>3</depth>
	</size>
	<segmented>0</segmented>
	<object>
		<name>stopwatch</name>
		<pose>Unspecified</pose>
		<truncated>0</truncated>
		<difficult>0</difficult>
		<bndbox>
			<xmin>105</xmin>
			<ymin>119</ymin>
			<xmax>250</xmax>
			<ymax>268</ymax>
		</bndbox>
	</object>
	<object>
		<name>stopwatch</name>
		<pose>Unspecified</pose>
		<truncated>0</truncated>
		<difficult>0</difficult>
		<bndbox>
			<xmin>270</xmin>
			<ymin>135</ymin>
			<xmax>415</xmax>
			<ymax>284</ymax>
		</bndbox>
	</object>
	<object>
		<name>stopwatch</name>
		<pose>Unspecified</pose>
		<truncated>0</truncated>
		<difficult>0</difficult>
		<bndbox>
			<xmin>271</xmin>
			<ymin>290</ymin>
			<xmax>416</xmax>
			<ymax>439</ymax>
		</bndbox>
	</object>
	<object>
		<name>stopwatch</name>
		<pose>Unspecified</pose>
		<truncated>0</truncated>
		<difficult>0</difficult>
		<bndbox>
			<xmin>104</xmin>
			<ymin>273</ymin>
			<xmax>250</xmax>
			<ymax>422</ymax>
		</bndbox>
	</object>
</annotation>
