<annotation>
	<folder>stopwatch</folder>
	<filename>stopwatch_60.jpg</filename>
	<path>C:\Users\jooye\OneDrive - dongguk.edu\data campus\project\Crawling\downloads\stopwatch\stopwatch_60.jpg</path>
	<source>
		<database>Unknown</database>
	</source>
	<size>
		<width>930</width>
		<height>540</height>
		<depth>3</depth>
	</size>
	<segmented>0</segmented>
	<object>
		<name>stopwatch</name>
		<pose>Unspecified</pose>
		<truncated>0</truncated>
		<difficult>0</difficult>
		<bndbox>
			<xmin>3</xmin>
			<ymin>24</ymin>
			<xmax>256</xmax>
			<ymax>271</ymax>
		</bndbox>
	</object>
	<object>
		<name>stopwatch</name>
		<pose>Unspecified</pose>
		<truncated>0</truncated>
		<difficult>0</difficult>
		<bndbox>
			<xmin>115</xmin>
			<ymin>142</ymin>
			<xmax>385</xmax>
			<ymax>404</ymax>
		</bndbox>
	</object>
</annotation>
