<annotation>
	<folder>stopwatch</folder>
	<filename>stopwatch_348.jpg</filename>
	<path>C:\Users\jooye\OneDrive - dongguk.edu\data campus\project\Crawling\downloads\stopwatch\stopwatch_348.jpg</path>
	<source>
		<database>Unknown</database>
	</source>
	<size>
		<width>1326</width>
		<height>736</height>
		<depth>3</depth>
	</size>
	<segmented>0</segmented>
	<object>
		<name>stopwatch</name>
		<pose>Unspecified</pose>
		<truncated>0</truncated>
		<difficult>0</difficult>
		<bndbox>
			<xmin>187</xmin>
			<ymin>267</ymin>
			<xmax>595</xmax>
			<ymax>655</ymax>
		</bndbox>
	</object>
</annotation>
