<annotation>
	<folder>stopwatch</folder>
	<filename>stopwatch_200.jpg</filename>
	<path>C:\Users\jooye\OneDrive - dongguk.edu\data campus\project\Crawling\downloads\stopwatch\stopwatch_200.jpg</path>
	<source>
		<database>Unknown</database>
	</source>
	<size>
		<width>360</width>
		<height>360</height>
		<depth>3</depth>
	</size>
	<segmented>0</segmented>
	<object>
		<name>stopwatch</name>
		<pose>Unspecified</pose>
		<truncated>0</truncated>
		<difficult>0</difficult>
		<bndbox>
			<xmin>29</xmin>
			<ymin>40</ymin>
			<xmax>181</xmax>
			<ymax>173</ymax>
		</bndbox>
	</object>
	<object>
		<name>stopwatch</name>
		<pose>Unspecified</pose>
		<truncated>0</truncated>
		<difficult>0</difficult>
		<bndbox>
			<xmin>186</xmin>
			<ymin>38</ymin>
			<xmax>340</xmax>
			<ymax>172</ymax>
		</bndbox>
	</object>
	<object>
		<name>stopwatch</name>
		<pose>Unspecified</pose>
		<truncated>0</truncated>
		<difficult>0</difficult>
		<bndbox>
			<xmin>22</xmin>
			<ymin>183</ymin>
			<xmax>181</xmax>
			<ymax>323</ymax>
		</bndbox>
	</object>
	<object>
		<name>stopwatch</name>
		<pose>Unspecified</pose>
		<truncated>0</truncated>
		<difficult>0</difficult>
		<bndbox>
			<xmin>187</xmin>
			<ymin>187</ymin>
			<xmax>339</xmax>
			<ymax>319</ymax>
		</bndbox>
	</object>
</annotation>
