<annotation>
	<folder>stopwatch</folder>
	<filename>stopwatch_225.jpg</filename>
	<path>C:\Users\jooye\OneDrive - dongguk.edu\data campus\project\Crawling\downloads\stopwatch\stopwatch_225.jpg</path>
	<source>
		<database>Unknown</database>
	</source>
	<size>
		<width>1394</width>
		<height>2222</height>
		<depth>3</depth>
	</size>
	<segmented>0</segmented>
	<object>
		<name>stopwatch</name>
		<pose>Unspecified</pose>
		<truncated>0</truncated>
		<difficult>0</difficult>
		<bndbox>
			<xmin>152</xmin>
			<ymin>1283</ymin>
			<xmax>949</xmax>
			<ymax>1860</ymax>
		</bndbox>
	</object>
</annotation>
