<annotation>
	<folder>stopwatch</folder>
	<filename>stopwatch_51.jpg</filename>
	<path>C:\Users\jooye\OneDrive - dongguk.edu\data campus\project\Crawling\downloads\stopwatch\stopwatch_51.jpg</path>
	<source>
		<database>Unknown</database>
	</source>
	<size>
		<width>400</width>
		<height>400</height>
		<depth>3</depth>
	</size>
	<segmented>0</segmented>
	<object>
		<name>stopwatch</name>
		<pose>Unspecified</pose>
		<truncated>0</truncated>
		<difficult>0</difficult>
		<bndbox>
			<xmin>19</xmin>
			<ymin>171</ymin>
			<xmax>178</xmax>
			<ymax>304</ymax>
		</bndbox>
	</object>
	<object>
		<name>stopwatch</name>
		<pose>Unspecified</pose>
		<truncated>0</truncated>
		<difficult>0</difficult>
		<bndbox>
			<xmin>175</xmin>
			<ymin>108</ymin>
			<xmax>276</xmax>
			<ymax>202</ymax>
		</bndbox>
	</object>
	<object>
		<name>stopwatch</name>
		<pose>Unspecified</pose>
		<truncated>0</truncated>
		<difficult>0</difficult>
		<bndbox>
			<xmin>253</xmin>
			<ymin>92</ymin>
			<xmax>380</xmax>
			<ymax>209</ymax>
		</bndbox>
	</object>
</annotation>
