<annotation>
	<folder>stopwatch</folder>
	<filename>stopwatch_167.jpg</filename>
	<path>C:\Users\jooye\OneDrive - dongguk.edu\data campus\project\Crawling\downloads\stopwatch\stopwatch_167.jpg</path>
	<source>
		<database>Unknown</database>
	</source>
	<size>
		<width>1345</width>
		<height>1239</height>
		<depth>3</depth>
	</size>
	<segmented>0</segmented>
	<object>
		<name>stopwatch</name>
		<pose>Unspecified</pose>
		<truncated>0</truncated>
		<difficult>0</difficult>
		<bndbox>
			<xmin>7</xmin>
			<ymin>4</ymin>
			<xmax>1341</xmax>
			<ymax>1126</ymax>
		</bndbox>
	</object>
</annotation>
