<annotation>
	<folder>stopwatch</folder>
	<filename>stopwatch_342.jpg</filename>
	<path>C:\Users\jooye\OneDrive - dongguk.edu\data campus\project\Crawling\downloads\stopwatch\stopwatch_342.jpg</path>
	<source>
		<database>Unknown</database>
	</source>
	<size>
		<width>700</width>
		<height>393</height>
		<depth>3</depth>
	</size>
	<segmented>0</segmented>
	<object>
		<name>stopwatch</name>
		<pose>Unspecified</pose>
		<truncated>0</truncated>
		<difficult>0</difficult>
		<bndbox>
			<xmin>133</xmin>
			<ymin>194</ymin>
			<xmax>334</xmax>
			<ymax>361</ymax>
		</bndbox>
	</object>
	<object>
		<name>stopwatch</name>
		<pose>Unspecified</pose>
		<truncated>0</truncated>
		<difficult>0</difficult>
		<bndbox>
			<xmin>385</xmin>
			<ymin>225</ymin>
			<xmax>534</xmax>
			<ymax>351</ymax>
		</bndbox>
	</object>
</annotation>
