<annotation>
	<folder>working_image</folder>
	<filename>59.jpg</filename>
	<path>C:\Users\dongjae\[datacampus]\custom_dataset\sample_imagesannotations\working_image\59.jpg</path>
	<source>
		<database>Unknown</database>
	</source>
	<size>
		<width>340</width>
		<height>340</height>
		<depth>3</depth>
	</size>
	<segmented>0</segmented>
	<object>
		<name>pen(pencil)</name>
		<pose>Unspecified</pose>
		<truncated>0</truncated>
		<difficult>0</difficult>
		<bndbox>
			<xmin>191</xmin>
			<ymin>18</ymin>
			<xmax>212</xmax>
			<ymax>304</ymax>
		</bndbox>
	</object>
	<object>
		<name>pen(pencil)</name>
		<pose>Unspecified</pose>
		<truncated>0</truncated>
		<difficult>0</difficult>
		<bndbox>
			<xmin>158</xmin>
			<ymin>14</ymin>
			<xmax>184</xmax>
			<ymax>303</ymax>
		</bndbox>
	</object>
	<object>
		<name>pen(pencil)</name>
		<pose>Unspecified</pose>
		<truncated>0</truncated>
		<difficult>0</difficult>
		<bndbox>
			<xmin>126</xmin>
			<ymin>18</ymin>
			<xmax>148</xmax>
			<ymax>303</ymax>
		</bndbox>
	</object>
</annotation>
