<annotation>
	<folder>laptop</folder>
	<filename>221.jpg</filename>
	<path>C:\Users\jooye\OneDrive - dongguk.edu\data campus\project\Crawling\data\laptop\221.jpg</path>
	<source>
		<database>Unknown</database>
	</source>
	<size>
		<width>340</width>
		<height>340</height>
		<depth>3</depth>
	</size>
	<segmented>0</segmented>
	<object>
		<name>laptop</name>
		<pose>Unspecified</pose>
		<truncated>0</truncated>
		<difficult>0</difficult>
		<bndbox>
			<xmin>5</xmin>
			<ymin>84</ymin>
			<xmax>224</xmax>
			<ymax>246</ymax>
		</bndbox>
	</object>
	<object>
		<name>laptop</name>
		<pose>Unspecified</pose>
		<truncated>0</truncated>
		<difficult>0</difficult>
		<bndbox>
			<xmin>168</xmin>
			<ymin>80</ymin>
			<xmax>337</xmax>
			<ymax>214</ymax>
		</bndbox>
	</object>
</annotation>
