<annotation>
	<folder>working_image</folder>
	<filename>160.jpg</filename>
	<path>C:\Users\dongjae\[datacampus]\custom_dataset\sample_imagesannotations\working_image\160.jpg</path>
	<source>
		<database>Unknown</database>
	</source>
	<size>
		<width>340</width>
		<height>340</height>
		<depth>3</depth>
	</size>
	<segmented>0</segmented>
	<object>
		<name>pen(pencil)</name>
		<pose>Unspecified</pose>
		<truncated>0</truncated>
		<difficult>0</difficult>
		<bndbox>
			<xmin>43</xmin>
			<ymin>42</ymin>
			<xmax>154</xmax>
			<ymax>320</ymax>
		</bndbox>
	</object>
	<object>
		<name>pen(pencil)</name>
		<pose>Unspecified</pose>
		<truncated>0</truncated>
		<difficult>0</difficult>
		<bndbox>
			<xmin>151</xmin>
			<ymin>22</ymin>
			<xmax>198</xmax>
			<ymax>320</ymax>
		</bndbox>
	</object>
	<object>
		<name>pen(pencil)</name>
		<pose>Unspecified</pose>
		<truncated>0</truncated>
		<difficult>0</difficult>
		<bndbox>
			<xmin>189</xmin>
			<ymin>41</ymin>
			<xmax>307</xmax>
			<ymax>321</ymax>
		</bndbox>
	</object>
</annotation>
