<annotation>
	<folder>working_image</folder>
	<filename>178.jpg</filename>
	<path>C:\Users\dongjae\[datacampus]\custom_dataset\sample_imagesannotations\working_image\178.jpg</path>
	<source>
		<database>Unknown</database>
	</source>
	<size>
		<width>340</width>
		<height>340</height>
		<depth>3</depth>
	</size>
	<segmented>0</segmented>
	<object>
		<name>pen(pencil)</name>
		<pose>Unspecified</pose>
		<truncated>0</truncated>
		<difficult>0</difficult>
		<bndbox>
			<xmin>67</xmin>
			<ymin>51</ymin>
			<xmax>279</xmax>
			<ymax>292</ymax>
		</bndbox>
	</object>
</annotation>
