<annotation>
	<folder>vd2</folder>
	<filename>vd2_121.jpg</filename>
	<path>C:\Users\su221\1st Project\sample_img\vd\vd2\vd2_121.jpg</path>
	<source>
		<database>Unknown</database>
	</source>
	<size>
		<width>1096</width>
		<height>608</height>
		<depth>3</depth>
	</size>
	<segmented>0</segmented>
	<object>
		<name>stopwatch</name>
		<pose>Unspecified</pose>
		<truncated>1</truncated>
		<difficult>0</difficult>
		<bndbox>
			<xmin>907</xmin>
			<ymin>478</ymin>
			<xmax>1096</xmax>
			<ymax>605</ymax>
		</bndbox>
	</object>
	<object>
		<name>pen(pencil)</name>
		<pose>Unspecified</pose>
		<truncated>0</truncated>
		<difficult>0</difficult>
		<bndbox>
			<xmin>10</xmin>
			<ymin>335</ymin>
			<xmax>213</xmax>
			<ymax>429</ymax>
		</bndbox>
	</object>
	<object>
		<name>pen(pencil)</name>
		<pose>Unspecified</pose>
		<truncated>1</truncated>
		<difficult>0</difficult>
		<bndbox>
			<xmin>1</xmin>
			<ymin>271</ymin>
			<xmax>262</xmax>
			<ymax>337</ymax>
		</bndbox>
	</object>
	<object>
		<name>book</name>
		<pose>Unspecified</pose>
		<truncated>1</truncated>
		<difficult>0</difficult>
		<bndbox>
			<xmin>448</xmin>
			<ymin>178</ymin>
			<xmax>1096</xmax>
			<ymax>538</ymax>
		</bndbox>
	</object>
</annotation>
