<annotation>
	<folder>vd2</folder>
	<filename>vd2_138.jpg</filename>
	<path>C:\Users\su221\1st Project\sample_img\vd\vd2\vd2_138.jpg</path>
	<source>
		<database>Unknown</database>
	</source>
	<size>
		<width>1096</width>
		<height>608</height>
		<depth>3</depth>
	</size>
	<segmented>0</segmented>
	<object>
		<name>stopwatch</name>
		<pose>Unspecified</pose>
		<truncated>1</truncated>
		<difficult>0</difficult>
		<bndbox>
			<xmin>910</xmin>
			<ymin>489</ymin>
			<xmax>1096</xmax>
			<ymax>600</ymax>
		</bndbox>
	</object>
	<object>
		<name>pen(pencil)</name>
		<pose>Unspecified</pose>
		<truncated>0</truncated>
		<difficult>0</difficult>
		<bndbox>
			<xmin>10</xmin>
			<ymin>332</ymin>
			<xmax>219</xmax>
			<ymax>434</ymax>
		</bndbox>
	</object>
	<object>
		<name>pen(pencil)</name>
		<pose>Unspecified</pose>
		<truncated>0</truncated>
		<difficult>0</difficult>
		<bndbox>
			<xmin>15</xmin>
			<ymin>288</ymin>
			<xmax>258</xmax>
			<ymax>328</ymax>
		</bndbox>
	</object>
	<object>
		<name>pen(pencil)</name>
		<pose>Unspecified</pose>
		<truncated>0</truncated>
		<difficult>0</difficult>
		<bndbox>
			<xmin>174</xmin>
			<ymin>150</ymin>
			<xmax>290</xmax>
			<ymax>193</ymax>
		</bndbox>
	</object>
	<object>
		<name>pen(pencil)</name>
		<pose>Unspecified</pose>
		<truncated>0</truncated>
		<difficult>0</difficult>
		<bndbox>
			<xmin>37</xmin>
			<ymin>80</ymin>
			<xmax>244</xmax>
			<ymax>260</ymax>
		</bndbox>
	</object>
	<object>
		<name>book</name>
		<pose>Unspecified</pose>
		<truncated>1</truncated>
		<difficult>0</difficult>
		<bndbox>
			<xmin>439</xmin>
			<ymin>177</ymin>
			<xmax>1096</xmax>
			<ymax>533</ymax>
		</bndbox>
	</object>
	<object>
		<name>book</name>
		<pose>Unspecified</pose>
		<truncated>1</truncated>
		<difficult>0</difficult>
		<bndbox>
			<xmin>1</xmin>
			<ymin>224</ymin>
			<xmax>447</xmax>
			<ymax>607</ymax>
		</bndbox>
	</object>
</annotation>
