<annotation>
	<folder>vd2</folder>
	<filename>vd2_135.jpg</filename>
	<path>C:\Users\su221\1st Project\sample_img\vd\vd2\vd2_135.jpg</path>
	<source>
		<database>Unknown</database>
	</source>
	<size>
		<width>1096</width>
		<height>608</height>
		<depth>3</depth>
	</size>
	<segmented>0</segmented>
	<object>
		<name>stopwatch</name>
		<pose>Unspecified</pose>
		<truncated>1</truncated>
		<difficult>0</difficult>
		<bndbox>
			<xmin>905</xmin>
			<ymin>485</ymin>
			<xmax>1091</xmax>
			<ymax>608</ymax>
		</bndbox>
	</object>
	<object>
		<name>pen(pencil)</name>
		<pose>Unspecified</pose>
		<truncated>0</truncated>
		<difficult>0</difficult>
		<bndbox>
			<xmin>499</xmin>
			<ymin>199</ymin>
			<xmax>686</xmax>
			<ymax>392</ymax>
		</bndbox>
	</object>
	<object>
		<name>pen(pencil)</name>
		<pose>Unspecified</pose>
		<truncated>0</truncated>
		<difficult>0</difficult>
		<bndbox>
			<xmin>626</xmin>
			<ymin>229</ymin>
			<xmax>726</xmax>
			<ymax>258</ymax>
		</bndbox>
	</object>
	<object>
		<name>pen(pencil)</name>
		<pose>Unspecified</pose>
		<truncated>1</truncated>
		<difficult>0</difficult>
		<bndbox>
			<xmin>1</xmin>
			<ymin>269</ymin>
			<xmax>263</xmax>
			<ymax>339</ymax>
		</bndbox>
	</object>
	<object>
		<name>pen(pencil)</name>
		<pose>Unspecified</pose>
		<truncated>0</truncated>
		<difficult>0</difficult>
		<bndbox>
			<xmin>19</xmin>
			<ymin>338</ymin>
			<xmax>220</xmax>
			<ymax>428</ymax>
		</bndbox>
	</object>
	<object>
		<name>book</name>
		<pose>Unspecified</pose>
		<truncated>1</truncated>
		<difficult>0</difficult>
		<bndbox>
			<xmin>441</xmin>
			<ymin>185</ymin>
			<xmax>1096</xmax>
			<ymax>534</ymax>
		</bndbox>
	</object>
	<object>
		<name>book</name>
		<pose>Unspecified</pose>
		<truncated>1</truncated>
		<difficult>0</difficult>
		<bndbox>
			<xmin>1</xmin>
			<ymin>217</ymin>
			<xmax>441</xmax>
			<ymax>608</ymax>
		</bndbox>
	</object>
</annotation>
