<annotation>
	<folder>vd2</folder>
	<filename>vd2_144.jpg</filename>
	<path>C:\Users\su221\1st Project\sample_img\vd\vd2\vd2_144.jpg</path>
	<source>
		<database>Unknown</database>
	</source>
	<size>
		<width>1096</width>
		<height>608</height>
		<depth>3</depth>
	</size>
	<segmented>0</segmented>
	<object>
		<name>stopwatch</name>
		<pose>Unspecified</pose>
		<truncated>1</truncated>
		<difficult>0</difficult>
		<bndbox>
			<xmin>907</xmin>
			<ymin>478</ymin>
			<xmax>1096</xmax>
			<ymax>600</ymax>
		</bndbox>
	</object>
	<object>
		<name>pen(pencil)</name>
		<pose>Unspecified</pose>
		<truncated>0</truncated>
		<difficult>0</difficult>
		<bndbox>
			<xmin>176</xmin>
			<ymin>167</ymin>
			<xmax>297</xmax>
			<ymax>199</ymax>
		</bndbox>
	</object>
	<object>
		<name>pen(pencil)</name>
		<pose>Unspecified</pose>
		<truncated>0</truncated>
		<difficult>0</difficult>
		<bndbox>
			<xmin>44</xmin>
			<ymin>53</ymin>
			<xmax>164</xmax>
			<ymax>266</ymax>
		</bndbox>
	</object>
	<object>
		<name>pen(pencil)</name>
		<pose>Unspecified</pose>
		<truncated>0</truncated>
		<difficult>0</difficult>
		<bndbox>
			<xmin>8</xmin>
			<ymin>289</ymin>
			<xmax>261</xmax>
			<ymax>330</ymax>
		</bndbox>
	</object>
	<object>
		<name>pen(pencil)</name>
		<pose>Unspecified</pose>
		<truncated>0</truncated>
		<difficult>0</difficult>
		<bndbox>
			<xmin>12</xmin>
			<ymin>331</ymin>
			<xmax>217</xmax>
			<ymax>428</ymax>
		</bndbox>
	</object>
	<object>
		<name>book</name>
		<pose>Unspecified</pose>
		<truncated>1</truncated>
		<difficult>0</difficult>
		<bndbox>
			<xmin>1</xmin>
			<ymin>208</ymin>
			<xmax>449</xmax>
			<ymax>596</ymax>
		</bndbox>
	</object>
	<object>
		<name>book</name>
		<pose>Unspecified</pose>
		<truncated>1</truncated>
		<difficult>0</difficult>
		<bndbox>
			<xmin>444</xmin>
			<ymin>177</ymin>
			<xmax>1096</xmax>
			<ymax>524</ymax>
		</bndbox>
	</object>
</annotation>
