<annotation>
	<folder>vd2</folder>
	<filename>vd2_109.jpg</filename>
	<path>C:\Users\su221\1st Project\sample_img\vd\vd2\vd2_109.jpg</path>
	<source>
		<database>Unknown</database>
	</source>
	<size>
		<width>1096</width>
		<height>608</height>
		<depth>3</depth>
	</size>
	<segmented>0</segmented>
	<object>
		<name>stopwatch</name>
		<pose>Unspecified</pose>
		<truncated>1</truncated>
		<difficult>0</difficult>
		<bndbox>
			<xmin>907</xmin>
			<ymin>480</ymin>
			<xmax>1096</xmax>
			<ymax>606</ymax>
		</bndbox>
	</object>
	<object>
		<name>pen(pencil)</name>
		<pose>Unspecified</pose>
		<truncated>0</truncated>
		<difficult>0</difficult>
		<bndbox>
			<xmin>15</xmin>
			<ymin>335</ymin>
			<xmax>216</xmax>
			<ymax>432</ymax>
		</bndbox>
	</object>
	<object>
		<name>pen(pencil)</name>
		<pose>Unspecified</pose>
		<truncated>1</truncated>
		<difficult>0</difficult>
		<bndbox>
			<xmin>1</xmin>
			<ymin>301</ymin>
			<xmax>257</xmax>
			<ymax>335</ymax>
		</bndbox>
	</object>
	<object>
		<name>pen(pencil)</name>
		<pose>Unspecified</pose>
		<truncated>0</truncated>
		<difficult>0</difficult>
		<bndbox>
			<xmin>527</xmin>
			<ymin>33</ymin>
			<xmax>602</xmax>
			<ymax>256</ymax>
		</bndbox>
	</object>
	<object>
		<name>book</name>
		<pose>Unspecified</pose>
		<truncated>1</truncated>
		<difficult>0</difficult>
		<bndbox>
			<xmin>436</xmin>
			<ymin>184</ymin>
			<xmax>1096</xmax>
			<ymax>532</ymax>
		</bndbox>
	</object>
	<object>
		<name>book</name>
		<pose>Unspecified</pose>
		<truncated>1</truncated>
		<difficult>0</difficult>
		<bndbox>
			<xmin>3</xmin>
			<ymin>211</ymin>
			<xmax>453</xmax>
			<ymax>608</ymax>
		</bndbox>
	</object>
</annotation>
