<annotation>
	<folder>vd2</folder>
	<filename>vd2_58.jpg</filename>
	<path>C:\Users\su221\1st Project\sample_img\vd\vd2\vd2_58.jpg</path>
	<source>
		<database>Unknown</database>
	</source>
	<size>
		<width>1096</width>
		<height>608</height>
		<depth>3</depth>
	</size>
	<segmented>0</segmented>
	<object>
		<name>stopwatch</name>
		<pose>Unspecified</pose>
		<truncated>1</truncated>
		<difficult>0</difficult>
		<bndbox>
			<xmin>904</xmin>
			<ymin>485</ymin>
			<xmax>1096</xmax>
			<ymax>600</ymax>
		</bndbox>
	</object>
	<object>
		<name>pen(pencil)</name>
		<pose>Unspecified</pose>
		<truncated>0</truncated>
		<difficult>0</difficult>
		<bndbox>
			<xmin>13</xmin>
			<ymin>335</ymin>
			<xmax>212</xmax>
			<ymax>435</ymax>
		</bndbox>
	</object>
	<object>
		<name>book</name>
		<pose>Unspecified</pose>
		<truncated>1</truncated>
		<difficult>0</difficult>
		<bndbox>
			<xmin>1</xmin>
			<ymin>213</ymin>
			<xmax>447</xmax>
			<ymax>606</ymax>
		</bndbox>
	</object>
	<object>
		<name>book</name>
		<pose>Unspecified</pose>
		<truncated>1</truncated>
		<difficult>0</difficult>
		<bndbox>
			<xmin>440</xmin>
			<ymin>175</ymin>
			<xmax>1096</xmax>
			<ymax>532</ymax>
		</bndbox>
	</object>
</annotation>
