<annotation>
	<folder>vd2</folder>
	<filename>vd2_38.jpg</filename>
	<path>C:\Users\su221\1st Project\sample_img\vd\vd2\vd2_38.jpg</path>
	<source>
		<database>Unknown</database>
	</source>
	<size>
		<width>1096</width>
		<height>608</height>
		<depth>3</depth>
	</size>
	<segmented>0</segmented>
	<object>
		<name>stopwatch</name>
		<pose>Unspecified</pose>
		<truncated>1</truncated>
		<difficult>0</difficult>
		<bndbox>
			<xmin>907</xmin>
			<ymin>481</ymin>
			<xmax>1095</xmax>
			<ymax>608</ymax>
		</bndbox>
	</object>
	<object>
		<name>pen(pencil)</name>
		<pose>Unspecified</pose>
		<truncated>0</truncated>
		<difficult>0</difficult>
		<bndbox>
			<xmin>19</xmin>
			<ymin>334</ymin>
			<xmax>216</xmax>
			<ymax>431</ymax>
		</bndbox>
	</object>
	<object>
		<name>pen(pencil)</name>
		<pose>Unspecified</pose>
		<truncated>0</truncated>
		<difficult>0</difficult>
		<bndbox>
			<xmin>14</xmin>
			<ymin>42</ymin>
			<xmax>176</xmax>
			<ymax>266</ymax>
		</bndbox>
	</object>
	<object>
		<name>book</name>
		<pose>Unspecified</pose>
		<truncated>1</truncated>
		<difficult>0</difficult>
		<bndbox>
			<xmin>436</xmin>
			<ymin>176</ymin>
			<xmax>1096</xmax>
			<ymax>530</ymax>
		</bndbox>
	</object>
	<object>
		<name>book</name>
		<pose>Unspecified</pose>
		<truncated>1</truncated>
		<difficult>0</difficult>
		<bndbox>
			<xmin>1</xmin>
			<ymin>219</ymin>
			<xmax>447</xmax>
			<ymax>607</ymax>
		</bndbox>
	</object>
</annotation>
