<annotation>
	<folder>book</folder>
	<filename>12.JPG</filename>
	<path>C:\Users\dongjae\[datacampus]\cumstom_dataset\sample_images\book\12.JPG</path>
	<source>
		<database>Unknown</database>
	</source>
	<size>
		<width>340</width>
		<height>510</height>
		<depth>3</depth>
	</size>
	<segmented>0</segmented>
	<object>
		<name>book</name>
		<pose>Unspecified</pose>
		<truncated>0</truncated>
		<difficult>0</difficult>
		<bndbox>
			<xmin>17</xmin>
			<ymin>231</ymin>
			<xmax>322</xmax>
			<ymax>372</ymax>
		</bndbox>
	</object>
	<object>
		<name>book</name>
		<pose>Unspecified</pose>
		<truncated>0</truncated>
		<difficult>0</difficult>
		<bndbox>
			<xmin>52</xmin>
			<ymin>353</ymin>
			<xmax>292</xmax>
			<ymax>420</ymax>
		</bndbox>
	</object>
</annotation>
