<annotation>
	<folder>working space</folder>
	<filename>54.jpg</filename>
	<path>C:\Users\dongjae\[datacampus]\cumstom_dataset\sample_images\working space\54.jpg</path>
	<source>
		<database>Unknown</database>
	</source>
	<size>
		<width>340</width>
		<height>219</height>
		<depth>3</depth>
	</size>
	<segmented>0</segmented>
	<object>
		<name>book</name>
		<pose>Unspecified</pose>
		<truncated>1</truncated>
		<difficult>0</difficult>
		<bndbox>
			<xmin>5</xmin>
			<ymin>16</ymin>
			<xmax>340</xmax>
			<ymax>207</ymax>
		</bndbox>
	</object>
</annotation>
