<annotation>
	<folder>book</folder>
	<filename>11.JPG</filename>
	<path>C:\Users\dongjae\[datacampus]\cumstom_dataset\sample_images\book\11.JPG</path>
	<source>
		<database>Unknown</database>
	</source>
	<size>
		<width>340</width>
		<height>281</height>
		<depth>3</depth>
	</size>
	<segmented>0</segmented>
	<object>
		<name>book</name>
		<pose>Unspecified</pose>
		<truncated>0</truncated>
		<difficult>0</difficult>
		<bndbox>
			<xmin>17</xmin>
			<ymin>7</ymin>
			<xmax>307</xmax>
			<ymax>250</ymax>
		</bndbox>
	</object>
</annotation>
