<annotation>
	<folder>book</folder>
	<filename>146.png</filename>
	<path>C:\Users\dongjae\[datacampus]\cumstom_dataset\sample_images\book\146.png</path>
	<source>
		<database>Unknown</database>
	</source>
	<size>
		<width>0</width>
		<height>0</height>
		<depth>3</depth>
	</size>
	<segmented>0</segmented>
	<object>
		<name>book</name>
		<pose>Unspecified</pose>
		<truncated>1</truncated>
		<difficult>0</difficult>
		<bndbox>
			<xmin>21</xmin>
			<ymin>1</ymin>
			<xmax>340</xmax>
			<ymax>211</ymax>
		</bndbox>
	</object>
</annotation>
