<annotation>
	<folder>working space</folder>
	<filename>35.png</filename>
	<path>C:\Users\dongjae\[datacampus]\cumstom_dataset\sample_images\working space\35.png</path>
	<source>
		<database>Unknown</database>
	</source>
	<size>
		<width>340</width>
		<height>600</height>
		<depth>3</depth>
	</size>
	<segmented>0</segmented>
	<object>
		<name>book</name>
		<pose>Unspecified</pose>
		<truncated>0</truncated>
		<difficult>0</difficult>
		<bndbox>
			<xmin>24</xmin>
			<ymin>347</ymin>
			<xmax>319</xmax>
			<ymax>573</ymax>
		</bndbox>
	</object>
	<object>
		<name>book</name>
		<pose>Unspecified</pose>
		<truncated>0</truncated>
		<difficult>0</difficult>
		<bndbox>
			<xmin>28</xmin>
			<ymin>2</ymin>
			<xmax>313</xmax>
			<ymax>243</ymax>
		</bndbox>
	</object>
</annotation>
