<annotation>
	<folder>pencase</folder>
	<filename>pencilcase_345.jpg</filename>
	<path>C:\Users\yangk\Desktop\DL\새 폴더\pencase\pencilcase_345.jpg</path>
	<source>
		<database>Unknown</database>
	</source>
	<size>
		<width>2007</width>
		<height>1672</height>
		<depth>3</depth>
	</size>
	<segmented>0</segmented>
	<object>
		<name>pencilcase</name>
		<pose>Unspecified</pose>
		<truncated>0</truncated>
		<difficult>0</difficult>
		<bndbox>
			<xmin>63</xmin>
			<ymin>336</ymin>
			<xmax>1751</xmax>
			<ymax>1650</ymax>
		</bndbox>
	</object>
</annotation>
