<annotation>
	<folder>pencase</folder>
	<filename>pencilcase_322.jpeg</filename>
	<path>C:\Users\yangk\Desktop\DL\새 폴더\pencase\pencilcase_322.jpeg</path>
	<source>
		<database>Unknown</database>
	</source>
	<size>
		<width>540</width>
		<height>540</height>
		<depth>3</depth>
	</size>
	<segmented>0</segmented>
	<object>
		<name>pencilcase</name>
		<pose>Unspecified</pose>
		<truncated>0</truncated>
		<difficult>0</difficult>
		<bndbox>
			<xmin>22</xmin>
			<ymin>64</ymin>
			<xmax>189</xmax>
			<ymax>447</ymax>
		</bndbox>
	</object>
</annotation>
