<annotation>
	<folder>pencase</folder>
	<filename>pencilcase_382.jpg</filename>
	<path>C:\Users\yangk\Desktop\DL\새 폴더\pencase\pencilcase_382.jpg</path>
	<source>
		<database>Unknown</database>
	</source>
	<size>
		<width>777</width>
		<height>977</height>
		<depth>3</depth>
	</size>
	<segmented>0</segmented>
	<object>
		<name>pencilcase</name>
		<pose>Unspecified</pose>
		<truncated>0</truncated>
		<difficult>0</difficult>
		<bndbox>
			<xmin>50</xmin>
			<ymin>2</ymin>
			<xmax>761</xmax>
			<ymax>643</ymax>
		</bndbox>
	</object>
</annotation>
