<annotation>
	<folder>pencase</folder>
	<filename>pencilcase_369.jpg</filename>
	<path>C:\Users\yangk\Desktop\DL\새 폴더\pencase\pencilcase_369.jpg</path>
	<source>
		<database>Unknown</database>
	</source>
	<size>
		<width>1088</width>
		<height>1440</height>
		<depth>3</depth>
	</size>
	<segmented>0</segmented>
	<object>
		<name>pencilcase</name>
		<pose>Unspecified</pose>
		<truncated>0</truncated>
		<difficult>0</difficult>
		<bndbox>
			<xmin>2</xmin>
			<ymin>821</ymin>
			<xmax>1084</xmax>
			<ymax>1282</ymax>
		</bndbox>
	</object>
</annotation>
