<annotation>
	<folder>pencase</folder>
	<filename>pencilcase_290.jpg</filename>
	<path>C:\Users\yangk\Desktop\DL\새 폴더\pencase\pencilcase_290.jpg</path>
	<source>
		<database>Unknown</database>
	</source>
	<size>
		<width>735</width>
		<height>1139</height>
		<depth>3</depth>
	</size>
	<segmented>0</segmented>
	<object>
		<name>pencilcase</name>
		<pose>Unspecified</pose>
		<truncated>0</truncated>
		<difficult>0</difficult>
		<bndbox>
			<xmin>24</xmin>
			<ymin>302</ymin>
			<xmax>725</xmax>
			<ymax>974</ymax>
		</bndbox>
	</object>
</annotation>
