<annotation>
	<folder>pencase</folder>
	<filename>pencilcase_353.jpeg</filename>
	<path>C:\Users\yangk\Desktop\DL\새 폴더\pencase\pencilcase_353.jpeg</path>
	<source>
		<database>Unknown</database>
	</source>
	<size>
		<width>450</width>
		<height>450</height>
		<depth>3</depth>
	</size>
	<segmented>0</segmented>
	<object>
		<name>pencilcase</name>
		<pose>Unspecified</pose>
		<truncated>0</truncated>
		<difficult>0</difficult>
		<bndbox>
			<xmin>46</xmin>
			<ymin>28</ymin>
			<xmax>441</xmax>
			<ymax>383</ymax>
		</bndbox>
	</object>
</annotation>
