<annotation>
	<folder>pencase</folder>
	<filename>pencilcase_351.jpg</filename>
	<path>C:\Users\yangk\Desktop\DL\새 폴더\pencase\pencilcase_351.jpg</path>
	<source>
		<database>Unknown</database>
	</source>
	<size>
		<width>383</width>
		<height>280</height>
		<depth>3</depth>
	</size>
	<segmented>0</segmented>
	<object>
		<name>pencilcase</name>
		<pose>Unspecified</pose>
		<truncated>0</truncated>
		<difficult>0</difficult>
		<bndbox>
			<xmin>181</xmin>
			<ymin>44</ymin>
			<xmax>363</xmax>
			<ymax>248</ymax>
		</bndbox>
	</object>
</annotation>
