<annotation>
	<folder>pencase</folder>
	<filename>pencilcase_266.jpeg</filename>
	<path>C:\Users\yangk\Desktop\DL\새 폴더\pencase\pencilcase_266.jpeg</path>
	<source>
		<database>Unknown</database>
	</source>
	<size>
		<width>1020</width>
		<height>1020</height>
		<depth>3</depth>
	</size>
	<segmented>0</segmented>
	<object>
		<name>pencilcase</name>
		<pose>Unspecified</pose>
		<truncated>0</truncated>
		<difficult>0</difficult>
		<bndbox>
			<xmin>228</xmin>
			<ymin>127</ymin>
			<xmax>827</xmax>
			<ymax>846</ymax>
		</bndbox>
	</object>
</annotation>
