<annotation>
	<folder>pencase</folder>
	<filename>pencilcase_303.jpg</filename>
	<path>C:\Users\yangk\Desktop\DL\새 폴더\pencase\pencilcase_303.jpg</path>
	<source>
		<database>Unknown</database>
	</source>
	<size>
		<width>1299</width>
		<height>1390</height>
		<depth>3</depth>
	</size>
	<segmented>0</segmented>
	<object>
		<name>pencilcase</name>
		<pose>Unspecified</pose>
		<truncated>0</truncated>
		<difficult>0</difficult>
		<bndbox>
			<xmin>145</xmin>
			<ymin>107</ymin>
			<xmax>1218</xmax>
			<ymax>1005</ymax>
		</bndbox>
	</object>
</annotation>
