<annotation>
	<folder>pencase</folder>
	<filename>pencilcase_391.jpg</filename>
	<path>C:\Users\yangk\Desktop\DL\새 폴더\pencase\pencilcase_391.jpg</path>
	<source>
		<database>Unknown</database>
	</source>
	<size>
		<width>791</width>
		<height>355</height>
		<depth>3</depth>
	</size>
	<segmented>0</segmented>
	<object>
		<name>pencilcase</name>
		<pose>Unspecified</pose>
		<truncated>1</truncated>
		<difficult>0</difficult>
		<bndbox>
			<xmin>16</xmin>
			<ymin>2</ymin>
			<xmax>761</xmax>
			<ymax>355</ymax>
		</bndbox>
	</object>
</annotation>
