<annotation>
	<folder>pencase</folder>
	<filename>pencilcase_241.jpg</filename>
	<path>C:\Users\yangk\Desktop\DL\새 폴더\pencase\pencilcase_241.jpg</path>
	<source>
		<database>Unknown</database>
	</source>
	<size>
		<width>422</width>
		<height>480</height>
		<depth>3</depth>
	</size>
	<segmented>0</segmented>
	<object>
		<name>pencilcase</name>
		<pose>Unspecified</pose>
		<truncated>1</truncated>
		<difficult>0</difficult>
		<bndbox>
			<xmin>1</xmin>
			<ymin>250</ymin>
			<xmax>325</xmax>
			<ymax>477</ymax>
		</bndbox>
	</object>
</annotation>
