<annotation>
	<folder>pencase</folder>
	<filename>pencilcase_247.jpg</filename>
	<path>C:\Users\yangk\Desktop\DL\새 폴더\pencase\pencilcase_247.jpg</path>
	<source>
		<database>Unknown</database>
	</source>
	<size>
		<width>1483</width>
		<height>1462</height>
		<depth>3</depth>
	</size>
	<segmented>0</segmented>
	<object>
		<name>pencilcase</name>
		<pose>Unspecified</pose>
		<truncated>1</truncated>
		<difficult>0</difficult>
		<bndbox>
			<xmin>245</xmin>
			<ymin>821</ymin>
			<xmax>1483</xmax>
			<ymax>1407</ymax>
		</bndbox>
	</object>
</annotation>
