<annotation>
	<folder>pencase</folder>
	<filename>pencilcase_301.jpg</filename>
	<path>C:\Users\yangk\Desktop\DL\새 폴더\pencase\pencilcase_301.jpg</path>
	<source>
		<database>Unknown</database>
	</source>
	<size>
		<width>1023</width>
		<height>682</height>
		<depth>3</depth>
	</size>
	<segmented>0</segmented>
	<object>
		<name>pencilcase</name>
		<pose>Unspecified</pose>
		<truncated>0</truncated>
		<difficult>0</difficult>
		<bndbox>
			<xmin>51</xmin>
			<ymin>165</ymin>
			<xmax>1022</xmax>
			<ymax>619</ymax>
		</bndbox>
	</object>
</annotation>
