<annotation>
	<folder>pencase</folder>
	<filename>pencilcase_310.jpg</filename>
	<path>C:\Users\yangk\Desktop\DL\새 폴더\pencase\pencilcase_310.jpg</path>
	<source>
		<database>Unknown</database>
	</source>
	<size>
		<width>893</width>
		<height>1602</height>
		<depth>3</depth>
	</size>
	<segmented>0</segmented>
	<object>
		<name>pencilcase</name>
		<pose>Unspecified</pose>
		<truncated>1</truncated>
		<difficult>0</difficult>
		<bndbox>
			<xmin>154</xmin>
			<ymin>673</ymin>
			<xmax>884</xmax>
			<ymax>1602</ymax>
		</bndbox>
	</object>
</annotation>
