<annotation>
	<folder>pencase</folder>
	<filename>pencilcase_432.jpg</filename>
	<path>C:\Users\yangk\Desktop\DL\새 폴더\pencase\pencilcase_432.jpg</path>
	<source>
		<database>Unknown</database>
	</source>
	<size>
		<width>8688</width>
		<height>5792</height>
		<depth>3</depth>
	</size>
	<segmented>0</segmented>
	<object>
		<name>pencilcase</name>
		<pose>Unspecified</pose>
		<truncated>0</truncated>
		<difficult>0</difficult>
		<bndbox>
			<xmin>1269</xmin>
			<ymin>1691</ymin>
			<xmax>7189</xmax>
			<ymax>4341</ymax>
		</bndbox>
	</object>
</annotation>
