<annotation>
	<folder>pencase</folder>
	<filename>pencilcase_397.jpg</filename>
	<path>C:\Users\yangk\Desktop\DL\새 폴더\pencase\pencilcase_397.jpg</path>
	<source>
		<database>Unknown</database>
	</source>
	<size>
		<width>736</width>
		<height>736</height>
		<depth>3</depth>
	</size>
	<segmented>0</segmented>
	<object>
		<name>pencilcase</name>
		<pose>Unspecified</pose>
		<truncated>0</truncated>
		<difficult>0</difficult>
		<bndbox>
			<xmin>23</xmin>
			<ymin>422</ymin>
			<xmax>172</xmax>
			<ymax>566</ymax>
		</bndbox>
	</object>
</annotation>
