<annotation>
	<folder>pencase</folder>
	<filename>pencilcase_181.jpg</filename>
	<path>C:\Users\yangk\Desktop\DL\새 폴더\pencase\pencilcase_181.jpg</path>
	<source>
		<database>Unknown</database>
	</source>
	<size>
		<width>906</width>
		<height>991</height>
		<depth>3</depth>
	</size>
	<segmented>0</segmented>
	<object>
		<name>pencilcase</name>
		<pose>Unspecified</pose>
		<truncated>0</truncated>
		<difficult>0</difficult>
		<bndbox>
			<xmin>149</xmin>
			<ymin>223</ymin>
			<xmax>902</xmax>
			<ymax>958</ymax>
		</bndbox>
	</object>
</annotation>
