<annotation>
	<folder>pencase</folder>
	<filename>pencilcase_335.jpg</filename>
	<path>C:\Users\yangk\Desktop\DL\새 폴더\pencase\pencilcase_335.jpg</path>
	<source>
		<database>Unknown</database>
	</source>
	<size>
		<width>553</width>
		<height>552</height>
		<depth>3</depth>
	</size>
	<segmented>0</segmented>
	<object>
		<name>pencilcase</name>
		<pose>Unspecified</pose>
		<truncated>0</truncated>
		<difficult>0</difficult>
		<bndbox>
			<xmin>123</xmin>
			<ymin>249</ymin>
			<xmax>529</xmax>
			<ymax>535</ymax>
		</bndbox>
	</object>
	<object>
		<name>pencilcase</name>
		<pose>Unspecified</pose>
		<truncated>0</truncated>
		<difficult>0</difficult>
		<bndbox>
			<xmin>70</xmin>
			<ymin>120</ymin>
			<xmax>413</xmax>
			<ymax>400</ymax>
		</bndbox>
	</object>
</annotation>
