<annotation>
	<folder>pencase</folder>
	<filename>pencilcase_175.jpg</filename>
	<path>C:\Users\yangk\Desktop\DL\새 폴더\pencase\pencilcase_175.jpg</path>
	<source>
		<database>Unknown</database>
	</source>
	<size>
		<width>1200</width>
		<height>1200</height>
		<depth>3</depth>
	</size>
	<segmented>0</segmented>
	<object>
		<name>pencilcase</name>
		<pose>Unspecified</pose>
		<truncated>0</truncated>
		<difficult>0</difficult>
		<bndbox>
			<xmin>313</xmin>
			<ymin>248</ymin>
			<xmax>1016</xmax>
			<ymax>891</ymax>
		</bndbox>
	</object>
</annotation>
