<annotation>
	<folder>pencase</folder>
	<filename>pencilcase_406.jpg</filename>
	<path>C:\Users\yangk\Desktop\DL\새 폴더\pencase\pencilcase_406.jpg</path>
	<source>
		<database>Unknown</database>
	</source>
	<size>
		<width>295</width>
		<height>295</height>
		<depth>3</depth>
	</size>
	<segmented>0</segmented>
	<object>
		<name>pencilcase</name>
		<pose>Unspecified</pose>
		<truncated>0</truncated>
		<difficult>0</difficult>
		<bndbox>
			<xmin>5</xmin>
			<ymin>80</ymin>
			<xmax>290</xmax>
			<ymax>212</ymax>
		</bndbox>
	</object>
</annotation>
