<annotation>
	<folder>pencase</folder>
	<filename>pencilcase_268.jpeg</filename>
	<path>C:\Users\yangk\Desktop\DL\새 폴더\pencase\pencilcase_268.jpeg</path>
	<source>
		<database>Unknown</database>
	</source>
	<size>
		<width>450</width>
		<height>450</height>
		<depth>3</depth>
	</size>
	<segmented>0</segmented>
	<object>
		<name>pencilcase</name>
		<pose>Unspecified</pose>
		<truncated>0</truncated>
		<difficult>0</difficult>
		<bndbox>
			<xmin>94</xmin>
			<ymin>50</ymin>
			<xmax>422</xmax>
			<ymax>429</ymax>
		</bndbox>
	</object>
</annotation>
