<annotation>
	<folder>pencase</folder>
	<filename>pencilcase_283.jpg</filename>
	<path>C:\Users\yangk\Desktop\DL\새 폴더\pencase\pencilcase_283.jpg</path>
	<source>
		<database>Unknown</database>
	</source>
	<size>
		<width>1445</width>
		<height>1445</height>
		<depth>3</depth>
	</size>
	<segmented>0</segmented>
	<object>
		<name>pencilcase</name>
		<pose>Unspecified</pose>
		<truncated>1</truncated>
		<difficult>0</difficult>
		<bndbox>
			<xmin>79</xmin>
			<ymin>384</ymin>
			<xmax>1445</xmax>
			<ymax>1009</ymax>
		</bndbox>
	</object>
</annotation>
