<annotation>
	<folder>pencase</folder>
	<filename>pencilcase_221.jpg</filename>
	<path>C:\Users\yangk\Desktop\DL\새 폴더\pencase\pencilcase_221.jpg</path>
	<source>
		<database>Unknown</database>
	</source>
	<size>
		<width>950</width>
		<height>950</height>
		<depth>3</depth>
	</size>
	<segmented>0</segmented>
	<object>
		<name>pencilcase</name>
		<pose>Unspecified</pose>
		<truncated>0</truncated>
		<difficult>0</difficult>
		<bndbox>
			<xmin>437</xmin>
			<ymin>573</ymin>
			<xmax>901</xmax>
			<ymax>749</ymax>
		</bndbox>
	</object>
	<object>
		<name>pencilcase</name>
		<pose>Unspecified</pose>
		<truncated>0</truncated>
		<difficult>0</difficult>
		<bndbox>
			<xmin>505</xmin>
			<ymin>687</ymin>
			<xmax>918</xmax>
			<ymax>831</ymax>
		</bndbox>
	</object>
	<object>
		<name>pencilcase</name>
		<pose>Unspecified</pose>
		<truncated>1</truncated>
		<difficult>0</difficult>
		<bndbox>
			<xmin>444</xmin>
			<ymin>794</ymin>
			<xmax>898</xmax>
			<ymax>950</ymax>
		</bndbox>
	</object>
</annotation>
