<annotation>
	<folder>pencase</folder>
	<filename>pencilcase_204.jpg</filename>
	<path>C:\Users\yangk\Desktop\DL\새 폴더\pencase\pencilcase_204.jpg</path>
	<source>
		<database>Unknown</database>
	</source>
	<size>
		<width>850</width>
		<height>850</height>
		<depth>3</depth>
	</size>
	<segmented>0</segmented>
	<object>
		<name>pencilcase</name>
		<pose>Unspecified</pose>
		<truncated>0</truncated>
		<difficult>0</difficult>
		<bndbox>
			<xmin>40</xmin>
			<ymin>208</ymin>
			<xmax>618</xmax>
			<ymax>545</ymax>
		</bndbox>
	</object>
</annotation>
