<annotation>
	<folder>pencase</folder>
	<filename>pencilcase_380.jpg</filename>
	<path>C:\Users\yangk\Desktop\DL\새 폴더\pencase\pencilcase_380.jpg</path>
	<source>
		<database>Unknown</database>
	</source>
	<size>
		<width>1140</width>
		<height>760</height>
		<depth>3</depth>
	</size>
	<segmented>0</segmented>
	<object>
		<name>pencilcase</name>
		<pose>Unspecified</pose>
		<truncated>1</truncated>
		<difficult>0</difficult>
		<bndbox>
			<xmin>25</xmin>
			<ymin>81</ymin>
			<xmax>1140</xmax>
			<ymax>519</ymax>
		</bndbox>
	</object>
</annotation>
