<annotation>
	<folder>pencase</folder>
	<filename>pencilcase_340.jpg</filename>
	<path>C:\Users\yangk\Desktop\DL\새 폴더\pencase\pencilcase_340.jpg</path>
	<source>
		<database>Unknown</database>
	</source>
	<size>
		<width>656</width>
		<height>656</height>
		<depth>3</depth>
	</size>
	<segmented>0</segmented>
	<object>
		<name>pencilcase</name>
		<pose>Unspecified</pose>
		<truncated>0</truncated>
		<difficult>0</difficult>
		<bndbox>
			<xmin>125</xmin>
			<ymin>464</ymin>
			<xmax>577</xmax>
			<ymax>594</ymax>
		</bndbox>
	</object>
</annotation>
