<annotation>
	<folder>keyboard</folder>
	<filename>208.png</filename>
	<path>C:\Users\su221\1st Project\sample_img\keyboard\208.png</path>
	<source>
		<database>Unknown</database>
	</source>
	<size>
		<width>0</width>
		<height>0</height>
		<depth>3</depth>
	</size>
	<segmented>0</segmented>
	<object>
		<name>keyboard</name>
		<pose>Unspecified</pose>
		<truncated>0</truncated>
		<difficult>0</difficult>
		<bndbox>
			<xmin>32</xmin>
			<ymin>5</ymin>
			<xmax>318</xmax>
			<ymax>191</ymax>
		</bndbox>
	</object>
</annotation>
