<annotation>
	<folder>keyboard</folder>
	<filename>227.jpg</filename>
	<path>C:\Users\su221\1st Project\sample_img\keyboard\227.jpg</path>
	<source>
		<database>Unknown</database>
	</source>
	<size>
		<width>340</width>
		<height>165</height>
		<depth>3</depth>
	</size>
	<segmented>0</segmented>
	<object>
		<name>keyboard</name>
		<pose>Unspecified</pose>
		<truncated>0</truncated>
		<difficult>0</difficult>
		<bndbox>
			<xmin>177</xmin>
			<ymin>18</ymin>
			<xmax>336</xmax>
			<ymax>68</ymax>
		</bndbox>
	</object>
	<object>
		<name>keyboard</name>
		<pose>Unspecified</pose>
		<truncated>0</truncated>
		<difficult>0</difficult>
		<bndbox>
			<xmin>6</xmin>
			<ymin>104</ymin>
			<xmax>167</xmax>
			<ymax>150</ymax>
		</bndbox>
	</object>
</annotation>
