<annotation>
	<folder>keyboard</folder>
	<filename>132.JPG</filename>
	<path>C:\Users\su221\1st Project\sample_img\keyboard\132.JPG</path>
	<source>
		<database>Unknown</database>
	</source>
	<size>
		<width>340</width>
		<height>227</height>
		<depth>3</depth>
	</size>
	<segmented>0</segmented>
	<object>
		<name>keyboard</name>
		<pose>Unspecified</pose>
		<truncated>0</truncated>
		<difficult>0</difficult>
		<bndbox>
			<xmin>3</xmin>
			<ymin>2</ymin>
			<xmax>306</xmax>
			<ymax>137</ymax>
		</bndbox>
	</object>
</annotation>
