<annotation>
	<folder>keyboard</folder>
	<filename>288.jpg</filename>
	<path>C:\Users\su221\1st Project\sample_img\keyboard\288.jpg</path>
	<source>
		<database>Unknown</database>
	</source>
	<size>
		<width>0</width>
		<height>0</height>
		<depth>3</depth>
	</size>
	<segmented>0</segmented>
	<object>
		<name>keyboard</name>
		<pose>Unspecified</pose>
		<truncated>0</truncated>
		<difficult>0</difficult>
		<bndbox>
			<xmin>37</xmin>
			<ymin>62</ymin>
			<xmax>299</xmax>
			<ymax>176</ymax>
		</bndbox>
	</object>
	<object>
		<name>keyboard</name>
		<pose>Unspecified</pose>
		<truncated>0</truncated>
		<difficult>0</difficult>
		<bndbox>
			<xmin>40</xmin>
			<ymin>227</ymin>
			<xmax>305</xmax>
			<ymax>595</ymax>
		</bndbox>
	</object>
</annotation>
