<annotation>
	<folder>cellphone</folder>
	<filename>262.jpg</filename>
	<path>C:\Users\su221\1st Project\sample_img\cellphone\262.jpg</path>
	<source>
		<database>Unknown</database>
	</source>
	<size>
		<width>340</width>
		<height>340</height>
		<depth>3</depth>
	</size>
	<segmented>0</segmented>
	<object>
		<name>cell phone</name>
		<pose>Unspecified</pose>
		<truncated>0</truncated>
		<difficult>0</difficult>
		<bndbox>
			<xmin>28</xmin>
			<ymin>53</ymin>
			<xmax>309</xmax>
			<ymax>261</ymax>
		</bndbox>
	</object>
</annotation>
