<annotation>
	<folder>cellphone</folder>
	<filename>270.jpg</filename>
	<path>C:\Users\su221\1st Project\sample_img\cellphone\270.jpg</path>
	<source>
		<database>Unknown</database>
	</source>
	<size>
		<width>340</width>
		<height>227</height>
		<depth>3</depth>
	</size>
	<segmented>0</segmented>
	<object>
		<name>cell phone</name>
		<pose>Unspecified</pose>
		<truncated>0</truncated>
		<difficult>0</difficult>
		<bndbox>
			<xmin>67</xmin>
			<ymin>4</ymin>
			<xmax>203</xmax>
			<ymax>203</ymax>
		</bndbox>
	</object>
	<object>
		<name>cell phone</name>
		<pose>Unspecified</pose>
		<truncated>1</truncated>
		<difficult>0</difficult>
		<bndbox>
			<xmin>151</xmin>
			<ymin>31</ymin>
			<xmax>295</xmax>
			<ymax>227</ymax>
		</bndbox>
	</object>
</annotation>
