<annotation>
	<folder>cellphone</folder>
	<filename>244.jpg</filename>
	<path>C:\Users\su221\1st Project\sample_img\cellphone\244.jpg</path>
	<source>
		<database>Unknown</database>
	</source>
	<size>
		<width>0</width>
		<height>0</height>
		<depth>3</depth>
	</size>
	<segmented>0</segmented>
	<object>
		<name>cell phone</name>
		<pose>Unspecified</pose>
		<truncated>0</truncated>
		<difficult>0</difficult>
		<bndbox>
			<xmin>99</xmin>
			<ymin>166</ymin>
			<xmax>290</xmax>
			<ymax>472</ymax>
		</bndbox>
	</object>
</annotation>
