<annotation>
	<folder>cellphone</folder>
	<filename>299.jpg</filename>
	<path>C:\Users\su221\1st Project\sample_img\cellphone\299.jpg</path>
	<source>
		<database>Unknown</database>
	</source>
	<size>
		<width>340</width>
		<height>191</height>
		<depth>3</depth>
	</size>
	<segmented>0</segmented>
	<object>
		<name>cell phone</name>
		<pose>Unspecified</pose>
		<truncated>0</truncated>
		<difficult>0</difficult>
		<bndbox>
			<xmin>84</xmin>
			<ymin>28</ymin>
			<xmax>163</xmax>
			<ymax>139</ymax>
		</bndbox>
	</object>
	<object>
		<name>cell phone</name>
		<pose>Unspecified</pose>
		<truncated>0</truncated>
		<difficult>0</difficult>
		<bndbox>
			<xmin>175</xmin>
			<ymin>50</ymin>
			<xmax>233</xmax>
			<ymax>174</ymax>
		</bndbox>
	</object>
</annotation>
