<annotation>
	<folder>cellphone</folder>
	<filename>218.jpg</filename>
	<path>C:\Users\su221\1st Project\sample_img\cellphone\218.jpg</path>
	<source>
		<database>Unknown</database>
	</source>
	<size>
		<width>340</width>
		<height>340</height>
		<depth>3</depth>
	</size>
	<segmented>0</segmented>
	<object>
		<name>cell phone</name>
		<pose>Unspecified</pose>
		<truncated>0</truncated>
		<difficult>0</difficult>
		<bndbox>
			<xmin>97</xmin>
			<ymin>31</ymin>
			<xmax>155</xmax>
			<ymax>213</ymax>
		</bndbox>
	</object>
	<object>
		<name>cell phone</name>
		<pose>Unspecified</pose>
		<truncated>0</truncated>
		<difficult>0</difficult>
		<bndbox>
			<xmin>187</xmin>
			<ymin>33</ymin>
			<xmax>237</xmax>
			<ymax>214</ymax>
		</bndbox>
	</object>
</annotation>
