<annotation>
	<folder>cellphone</folder>
	<filename>345.JPG</filename>
	<path>C:\Users\su221\1st Project\sample_img\cellphone\345.JPG</path>
	<source>
		<database>Unknown</database>
	</source>
	<size>
		<width>340</width>
		<height>226</height>
		<depth>3</depth>
	</size>
	<segmented>0</segmented>
	<object>
		<name>cell phone</name>
		<pose>Unspecified</pose>
		<truncated>0</truncated>
		<difficult>0</difficult>
		<bndbox>
			<xmin>66</xmin>
			<ymin>58</ymin>
			<xmax>131</xmax>
			<ymax>177</ymax>
		</bndbox>
	</object>
	<object>
		<name>cell phone</name>
		<pose>Unspecified</pose>
		<truncated>0</truncated>
		<difficult>0</difficult>
		<bndbox>
			<xmin>143</xmin>
			<ymin>51</ymin>
			<xmax>221</xmax>
			<ymax>183</ymax>
		</bndbox>
	</object>
	<object>
		<name>cell phone</name>
		<pose>Unspecified</pose>
		<truncated>0</truncated>
		<difficult>0</difficult>
		<bndbox>
			<xmin>228</xmin>
			<ymin>51</ymin>
			<xmax>309</xmax>
			<ymax>177</ymax>
		</bndbox>
	</object>
</annotation>
