<annotation>
	<folder>cellphone</folder>
	<filename>349.jpg</filename>
	<path>C:\Users\su221\1st Project\sample_img\cellphone\349.jpg</path>
	<source>
		<database>Unknown</database>
	</source>
	<size>
		<width>340</width>
		<height>333</height>
		<depth>3</depth>
	</size>
	<segmented>0</segmented>
	<object>
		<name>cell phone</name>
		<pose>Unspecified</pose>
		<truncated>0</truncated>
		<difficult>0</difficult>
		<bndbox>
			<xmin>215</xmin>
			<ymin>137</ymin>
			<xmax>327</xmax>
			<ymax>222</ymax>
		</bndbox>
	</object>
	<object>
		<name>cell phone</name>
		<pose>Unspecified</pose>
		<truncated>0</truncated>
		<difficult>0</difficult>
		<bndbox>
			<xmin>80</xmin>
			<ymin>190</ymin>
			<xmax>172</xmax>
			<ymax>269</ymax>
		</bndbox>
	</object>
	<object>
		<name>cell phone</name>
		<pose>Unspecified</pose>
		<truncated>0</truncated>
		<difficult>0</difficult>
		<bndbox>
			<xmin>125</xmin>
			<ymin>113</ymin>
			<xmax>231</xmax>
			<ymax>208</ymax>
		</bndbox>
	</object>
</annotation>
