<annotation>
	<folder>wallet_images</folder>
	<filename>wallet_40.jpg</filename>
	<path>C:\Users\nayeo\DataCampus\data\wallet_images\wallet_40.jpg</path>
	<source>
		<database>Unknown</database>
	</source>
	<size>
		<width>340</width>
		<height>340</height>
		<depth>3</depth>
	</size>
	<segmented>0</segmented>
	<object>
		<name>wallet</name>
		<pose>Unspecified</pose>
		<truncated>0</truncated>
		<difficult>0</difficult>
		<bndbox>
			<xmin>50</xmin>
			<ymin>15</ymin>
			<xmax>286</xmax>
			<ymax>327</ymax>
		</bndbox>
	</object>
</annotation>
