<annotation>
	<folder>wallet_images</folder>
	<filename>wallet_241.jpg</filename>
	<path>C:\Users\nayeo\DataCampus\data\wallet_images\wallet_241.jpg</path>
	<source>
		<database>Unknown</database>
	</source>
	<size>
		<width>340</width>
		<height>510</height>
		<depth>3</depth>
	</size>
	<segmented>0</segmented>
	<object>
		<name>wallet</name>
		<pose>Unspecified</pose>
		<truncated>0</truncated>
		<difficult>0</difficult>
		<bndbox>
			<xmin>56</xmin>
			<ymin>136</ymin>
			<xmax>308</xmax>
			<ymax>360</ymax>
		</bndbox>
	</object>
</annotation>
