<annotation>
	<folder>wallet_images</folder>
	<filename>wallet_298.jpg</filename>
	<path>C:\Users\nayeo\DataCampus\data\wallet_images\wallet_298.jpg</path>
	<source>
		<database>Unknown</database>
	</source>
	<size>
		<width>340</width>
		<height>425</height>
		<depth>3</depth>
	</size>
	<segmented>0</segmented>
	<object>
		<name>wallet</name>
		<pose>Unspecified</pose>
		<truncated>0</truncated>
		<difficult>0</difficult>
		<bndbox>
			<xmin>79</xmin>
			<ymin>220</ymin>
			<xmax>263</xmax>
			<ymax>342</ymax>
		</bndbox>
	</object>
</annotation>
