<annotation>
	<folder>wallet_images</folder>
	<filename>wallet_5.jpg</filename>
	<path>C:\Users\nayeo\DataCampus\data\wallet_images\wallet_5.jpg</path>
	<source>
		<database>Unknown</database>
	</source>
	<size>
		<width>340</width>
		<height>270</height>
		<depth>3</depth>
	</size>
	<segmented>0</segmented>
	<object>
		<name>wallet</name>
		<pose>Unspecified</pose>
		<truncated>0</truncated>
		<difficult>0</difficult>
		<bndbox>
			<xmin>21</xmin>
			<ymin>50</ymin>
			<xmax>309</xmax>
			<ymax>269</ymax>
		</bndbox>
	</object>
</annotation>
