<annotation>
	<folder>wallet_images</folder>
	<filename>wallet_134.jpg</filename>
	<path>C:\Users\nayeo\DataCampus\data\wallet_images\wallet_134.jpg</path>
	<source>
		<database>Unknown</database>
	</source>
	<size>
		<width>340</width>
		<height>335</height>
		<depth>1</depth>
	</size>
	<segmented>0</segmented>
	<object>
		<name>wallet</name>
		<pose>Unspecified</pose>
		<truncated>0</truncated>
		<difficult>0</difficult>
		<bndbox>
			<xmin>58</xmin>
			<ymin>89</ymin>
			<xmax>261</xmax>
			<ymax>267</ymax>
		</bndbox>
	</object>
</annotation>
