<annotation>
	<folder>wallet_images</folder>
	<filename>wallet_254.jpg</filename>
	<path>C:\Users\nayeo\DataCampus\data\wallet_images\wallet_254.jpg</path>
	<source>
		<database>Unknown</database>
	</source>
	<size>
		<width>340</width>
		<height>333</height>
		<depth>3</depth>
	</size>
	<segmented>0</segmented>
	<object>
		<name>wallet</name>
		<pose>Unspecified</pose>
		<truncated>0</truncated>
		<difficult>0</difficult>
		<bndbox>
			<xmin>53</xmin>
			<ymin>79</ymin>
			<xmax>335</xmax>
			<ymax>318</ymax>
		</bndbox>
	</object>
</annotation>
