<annotation>
	<folder>wallet_images</folder>
	<filename>wallet_62.jpg</filename>
	<path>C:\Users\nayeo\DataCampus\data\wallet_images\wallet_62.jpg</path>
	<source>
		<database>Unknown</database>
	</source>
	<size>
		<width>340</width>
		<height>255</height>
		<depth>3</depth>
	</size>
	<segmented>0</segmented>
	<object>
		<name>wallet</name>
		<pose>Unspecified</pose>
		<truncated>1</truncated>
		<difficult>0</difficult>
		<bndbox>
			<xmin>11</xmin>
			<ymin>1</ymin>
			<xmax>170</xmax>
			<ymax>132</ymax>
		</bndbox>
	</object>
	<object>
		<name>wallet</name>
		<pose>Unspecified</pose>
		<truncated>1</truncated>
		<difficult>0</difficult>
		<bndbox>
			<xmin>180</xmin>
			<ymin>1</ymin>
			<xmax>334</xmax>
			<ymax>129</ymax>
		</bndbox>
	</object>
	<object>
		<name>wallet</name>
		<pose>Unspecified</pose>
		<truncated>0</truncated>
		<difficult>0</difficult>
		<bndbox>
			<xmin>2</xmin>
			<ymin>150</ymin>
			<xmax>175</xmax>
			<ymax>237</ymax>
		</bndbox>
	</object>
</annotation>
