<annotation>
	<folder>wallet_images</folder>
	<filename>wallet_121.jpg</filename>
	<path>C:\Users\nayeo\DataCampus\data\wallet_images\wallet_121.jpg</path>
	<source>
		<database>Unknown</database>
	</source>
	<size>
		<width>340</width>
		<height>340</height>
		<depth>3</depth>
	</size>
	<segmented>0</segmented>
	<object>
		<name>wallet</name>
		<pose>Unspecified</pose>
		<truncated>0</truncated>
		<difficult>0</difficult>
		<bndbox>
			<xmin>5</xmin>
			<ymin>98</ymin>
			<xmax>166</xmax>
			<ymax>241</ymax>
		</bndbox>
	</object>
	<object>
		<name>wallet</name>
		<pose>Unspecified</pose>
		<truncated>0</truncated>
		<difficult>0</difficult>
		<bndbox>
			<xmin>173</xmin>
			<ymin>99</ymin>
			<xmax>333</xmax>
			<ymax>236</ymax>
		</bndbox>
	</object>
</annotation>
