<annotation>
	<folder>wallet_images</folder>
	<filename>wallet_21.jpg</filename>
	<path>C:\Users\nayeo\DataCampus\data\wallet_images\wallet_21.jpg</path>
	<source>
		<database>Unknown</database>
	</source>
	<size>
		<width>340</width>
		<height>358</height>
		<depth>3</depth>
	</size>
	<segmented>0</segmented>
	<object>
		<name>wallet</name>
		<pose>Unspecified</pose>
		<truncated>0</truncated>
		<difficult>0</difficult>
		<bndbox>
			<xmin>2</xmin>
			<ymin>58</ymin>
			<xmax>337</xmax>
			<ymax>308</ymax>
		</bndbox>
	</object>
</annotation>
