<annotation>
	<folder>laptop</folder>
	<filename>laptop_194.jpg</filename>
	<path>C:\Users\jooye\OneDrive - dongguk.edu\data campus\project\Crawling\downloads\laptop\laptop_194.jpg</path>
	<source>
		<database>Unknown</database>
	</source>
	<size>
		<width>8000</width>
		<height>4767</height>
		<depth>3</depth>
	</size>
	<segmented>0</segmented>
	<object>
		<name>laptop</name>
		<pose>Unspecified</pose>
		<truncated>0</truncated>
		<difficult>0</difficult>
		<bndbox>
			<xmin>930</xmin>
			<ymin>978</ymin>
			<xmax>7120</xmax>
			<ymax>4348</ymax>
		</bndbox>
	</object>
</annotation>
