<annotation>
	<folder>laptop</folder>
	<filename>laptop_58.jpg</filename>
	<path>C:\Users\jooye\OneDrive - dongguk.edu\data campus\project\Crawling\downloads\laptop\laptop_58.jpg</path>
	<source>
		<database>Unknown</database>
	</source>
	<size>
		<width>904</width>
		<height>840</height>
		<depth>3</depth>
	</size>
	<segmented>0</segmented>
	<object>
		<name>laptop</name>
		<pose>Unspecified</pose>
		<truncated>0</truncated>
		<difficult>0</difficult>
		<bndbox>
			<xmin>67</xmin>
			<ymin>63</ymin>
			<xmax>833</xmax>
			<ymax>782</ymax>
		</bndbox>
	</object>
</annotation>
