<annotation>
	<folder>laptop</folder>
	<filename>laptop_126.jpg</filename>
	<path>C:\Users\jooye\OneDrive - dongguk.edu\data campus\project\Crawling\downloads\laptop\laptop_126.jpg</path>
	<source>
		<database>Unknown</database>
	</source>
	<size>
		<width>1210</width>
		<height>740</height>
		<depth>3</depth>
	</size>
	<segmented>0</segmented>
	<object>
		<name>laptop</name>
		<pose>Unspecified</pose>
		<truncated>1</truncated>
		<difficult>0</difficult>
		<bndbox>
			<xmin>3</xmin>
			<ymin>331</ymin>
			<xmax>780</xmax>
			<ymax>740</ymax>
		</bndbox>
	</object>
	<object>
		<name>laptop</name>
		<pose>Unspecified</pose>
		<truncated>1</truncated>
		<difficult>0</difficult>
		<bndbox>
			<xmin>579</xmin>
			<ymin>361</ymin>
			<xmax>1210</xmax>
			<ymax>739</ymax>
		</bndbox>
	</object>
</annotation>
