<annotation>
	<folder>laptop</folder>
	<filename>laptop_224.jpg</filename>
	<path>C:\Users\jooye\OneDrive - dongguk.edu\data campus\project\Crawling\downloads\laptop\laptop_224.jpg</path>
	<source>
		<database>Unknown</database>
	</source>
	<size>
		<width>1534</width>
		<height>900</height>
		<depth>3</depth>
	</size>
	<segmented>0</segmented>
	<object>
		<name>laptop</name>
		<pose>Unspecified</pose>
		<truncated>0</truncated>
		<difficult>0</difficult>
		<bndbox>
			<xmin>378</xmin>
			<ymin>190</ymin>
			<xmax>1104</xmax>
			<ymax>665</ymax>
		</bndbox>
	</object>
</annotation>
