<annotation>
	<folder>laptop</folder>
	<filename>laptop_106.jpg</filename>
	<path>C:\Users\jooye\OneDrive - dongguk.edu\data campus\project\Crawling\downloads\laptop\laptop_106.jpg</path>
	<source>
		<database>Unknown</database>
	</source>
	<size>
		<width>1314</width>
		<height>933</height>
		<depth>3</depth>
	</size>
	<segmented>0</segmented>
	<object>
		<name>laptop</name>
		<pose>Unspecified</pose>
		<truncated>0</truncated>
		<difficult>0</difficult>
		<bndbox>
			<xmin>10</xmin>
			<ymin>7</ymin>
			<xmax>1304</xmax>
			<ymax>921</ymax>
		</bndbox>
	</object>
</annotation>
