<annotation>
	<folder>laptop</folder>
	<filename>laptop_458.jpg</filename>
	<path>C:\Users\jooye\OneDrive - dongguk.edu\data campus\project\Crawling\downloads\laptop\laptop_458.jpg</path>
	<source>
		<database>Unknown</database>
	</source>
	<size>
		<width>859</width>
		<height>752</height>
		<depth>3</depth>
	</size>
	<segmented>0</segmented>
	<object>
		<name>laptop</name>
		<pose>Unspecified</pose>
		<truncated>0</truncated>
		<difficult>0</difficult>
		<bndbox>
			<xmin>40</xmin>
			<ymin>344</ymin>
			<xmax>622</xmax>
			<ymax>724</ymax>
		</bndbox>
	</object>
</annotation>
