<annotation>
	<folder>laptop</folder>
	<filename>laptop_162.jpg</filename>
	<path>C:\Users\jooye\OneDrive - dongguk.edu\data campus\project\Crawling\downloads\laptop\laptop_162.jpg</path>
	<source>
		<database>Unknown</database>
	</source>
	<size>
		<width>3592</width>
		<height>2904</height>
		<depth>3</depth>
	</size>
	<segmented>0</segmented>
	<object>
		<name>laptop</name>
		<pose>Unspecified</pose>
		<truncated>1</truncated>
		<difficult>0</difficult>
		<bndbox>
			<xmin>18</xmin>
			<ymin>4</ymin>
			<xmax>3584</xmax>
			<ymax>2904</ymax>
		</bndbox>
	</object>
</annotation>
