<annotation>
	<folder>laptop</folder>
	<filename>laptop_402.jpg</filename>
	<path>C:\Users\jooye\OneDrive - dongguk.edu\data campus\project\Crawling\downloads\laptop\laptop_402.jpg</path>
	<source>
		<database>Unknown</database>
	</source>
	<size>
		<width>5000</width>
		<height>5000</height>
		<depth>3</depth>
	</size>
	<segmented>0</segmented>
	<object>
		<name>laptop</name>
		<pose>Unspecified</pose>
		<truncated>0</truncated>
		<difficult>0</difficult>
		<bndbox>
			<xmin>1003</xmin>
			<ymin>469</ymin>
			<xmax>4009</xmax>
			<ymax>4656</ymax>
		</bndbox>
	</object>
</annotation>
