<annotation>
	<folder>laptop</folder>
	<filename>laptop_337.jpg</filename>
	<path>C:\Users\jooye\OneDrive - dongguk.edu\data campus\project\Crawling\downloads\laptop\laptop_337.jpg</path>
	<source>
		<database>Unknown</database>
	</source>
	<size>
		<width>1952</width>
		<height>1156</height>
		<depth>3</depth>
	</size>
	<segmented>0</segmented>
	<object>
		<name>laptop</name>
		<pose>Unspecified</pose>
		<truncated>1</truncated>
		<difficult>0</difficult>
		<bndbox>
			<xmin>479</xmin>
			<ymin>301</ymin>
			<xmax>1952</xmax>
			<ymax>519</ymax>
		</bndbox>
	</object>
	<object>
		<name>laptop</name>
		<pose>Unspecified</pose>
		<truncated>1</truncated>
		<difficult>0</difficult>
		<bndbox>
			<xmin>1</xmin>
			<ymin>642</ymin>
			<xmax>1458</xmax>
			<ymax>870</ymax>
		</bndbox>
	</object>
</annotation>
