<annotation>
	<folder>laptop</folder>
	<filename>laptop_251.jpg</filename>
	<path>C:\Users\jooye\OneDrive - dongguk.edu\data campus\project\Crawling\downloads\laptop\laptop_251.jpg</path>
	<source>
		<database>Unknown</database>
	</source>
	<size>
		<width>2054</width>
		<height>1156</height>
		<depth>3</depth>
	</size>
	<segmented>0</segmented>
	<object>
		<name>laptop</name>
		<pose>Unspecified</pose>
		<truncated>0</truncated>
		<difficult>0</difficult>
		<bndbox>
			<xmin>174</xmin>
			<ymin>92</ymin>
			<xmax>1609</xmax>
			<ymax>1082</ymax>
		</bndbox>
	</object>
</annotation>
