<annotation>
	<folder>laptop</folder>
	<filename>laptop_37.jpg</filename>
	<path>C:\Users\jooye\OneDrive - dongguk.edu\data campus\project\Crawling\downloads\laptop\laptop_37.jpg</path>
	<source>
		<database>Unknown</database>
	</source>
	<size>
		<width>3200</width>
		<height>2100</height>
		<depth>3</depth>
	</size>
	<segmented>0</segmented>
	<object>
		<name>laptop</name>
		<pose>Unspecified</pose>
		<truncated>0</truncated>
		<difficult>0</difficult>
		<bndbox>
			<xmin>474</xmin>
			<ymin>656</ymin>
			<xmax>1726</xmax>
			<ymax>1484</ymax>
		</bndbox>
	</object>
	<object>
		<name>laptop</name>
		<pose>Unspecified</pose>
		<truncated>0</truncated>
		<difficult>0</difficult>
		<bndbox>
			<xmin>446</xmin>
			<ymin>372</ymin>
			<xmax>2950</xmax>
			<ymax>1700</ymax>
		</bndbox>
	</object>
</annotation>
