<annotation>
	<folder>laptop</folder>
	<filename>laptop_442.jpg</filename>
	<path>C:\Users\jooye\OneDrive - dongguk.edu\data campus\project\Crawling\downloads\laptop\laptop_442.jpg</path>
	<source>
		<database>Unknown</database>
	</source>
	<size>
		<width>6720</width>
		<height>4480</height>
		<depth>3</depth>
	</size>
	<segmented>0</segmented>
	<object>
		<name>laptop</name>
		<pose>Unspecified</pose>
		<truncated>1</truncated>
		<difficult>0</difficult>
		<bndbox>
			<xmin>1063</xmin>
			<ymin>168</ymin>
			<xmax>5984</xmax>
			<ymax>4480</ymax>
		</bndbox>
	</object>
</annotation>
