<annotation>
	<folder>laptop</folder>
	<filename>laptop_50.jpg</filename>
	<path>C:\Users\jooye\OneDrive - dongguk.edu\data campus\project\Crawling\downloads\laptop\laptop_50.jpg</path>
	<source>
		<database>Unknown</database>
	</source>
	<size>
		<width>970</width>
		<height>647</height>
		<depth>3</depth>
	</size>
	<segmented>0</segmented>
	<object>
		<name>laptop</name>
		<pose>Unspecified</pose>
		<truncated>0</truncated>
		<difficult>0</difficult>
		<bndbox>
			<xmin>244</xmin>
			<ymin>72</ymin>
			<xmax>840</xmax>
			<ymax>576</ymax>
		</bndbox>
	</object>
</annotation>
