<annotation>
	<folder>laptop</folder>
	<filename>laptop_105.jpg</filename>
	<path>C:\Users\jooye\OneDrive - dongguk.edu\data campus\project\Crawling\downloads\laptop\laptop_105.jpg</path>
	<source>
		<database>Unknown</database>
	</source>
	<size>
		<width>4000</width>
		<height>3072</height>
		<depth>3</depth>
	</size>
	<segmented>0</segmented>
	<object>
		<name>laptop</name>
		<pose>Unspecified</pose>
		<truncated>0</truncated>
		<difficult>0</difficult>
		<bndbox>
			<xmin>600</xmin>
			<ymin>408</ymin>
			<xmax>3415</xmax>
			<ymax>2618</ymax>
		</bndbox>
	</object>
</annotation>
