<annotation>
	<folder>laptop</folder>
	<filename>laptop_253.jpg</filename>
	<path>C:\Users\jooye\OneDrive - dongguk.edu\data campus\project\Crawling\downloads\laptop\laptop_253.jpg</path>
	<source>
		<database>Unknown</database>
	</source>
	<size>
		<width>3212</width>
		<height>2141</height>
		<depth>3</depth>
	</size>
	<segmented>0</segmented>
	<object>
		<name>laptop</name>
		<pose>Unspecified</pose>
		<truncated>0</truncated>
		<difficult>0</difficult>
		<bndbox>
			<xmin>474</xmin>
			<ymin>204</ymin>
			<xmax>3142</xmax>
			<ymax>1920</ymax>
		</bndbox>
	</object>
</annotation>
