<annotation>
	<folder>laptop</folder>
	<filename>laptop_423.jpg</filename>
	<path>C:\Users\jooye\OneDrive - dongguk.edu\data campus\project\Crawling\downloads\laptop\laptop_423.jpg</path>
	<source>
		<database>Unknown</database>
	</source>
	<size>
		<width>4800</width>
		<height>2700</height>
		<depth>3</depth>
	</size>
	<segmented>0</segmented>
	<object>
		<name>laptop</name>
		<pose>Unspecified</pose>
		<truncated>0</truncated>
		<difficult>0</difficult>
		<bndbox>
			<xmin>85</xmin>
			<ymin>70</ymin>
			<xmax>1908</xmax>
			<ymax>1559</ymax>
		</bndbox>
	</object>
	<object>
		<name>laptop</name>
		<pose>Unspecified</pose>
		<truncated>0</truncated>
		<difficult>0</difficult>
		<bndbox>
			<xmin>1450</xmin>
			<ymin>1541</ymin>
			<xmax>3338</xmax>
			<ymax>2617</ymax>
		</bndbox>
	</object>
	<object>
		<name>laptop</name>
		<pose>Unspecified</pose>
		<truncated>0</truncated>
		<difficult>0</difficult>
		<bndbox>
			<xmin>2691</xmin>
			<ymin>164</ymin>
			<xmax>4726</xmax>
			<ymax>1341</ymax>
		</bndbox>
	</object>
</annotation>
