<annotation>
	<folder>laptop</folder>
	<filename>laptop_426.jpg</filename>
	<path>C:\Users\jooye\OneDrive - dongguk.edu\data campus\project\Crawling\downloads\laptop\laptop_426.jpg</path>
	<source>
		<database>Unknown</database>
	</source>
	<size>
		<width>2879</width>
		<height>1920</height>
		<depth>3</depth>
	</size>
	<segmented>0</segmented>
	<object>
		<name>laptop</name>
		<pose>Unspecified</pose>
		<truncated>0</truncated>
		<difficult>0</difficult>
		<bndbox>
			<xmin>587</xmin>
			<ymin>215</ymin>
			<xmax>2315</xmax>
			<ymax>1722</ymax>
		</bndbox>
	</object>
</annotation>
