<annotation>
	<folder>laptop</folder>
	<filename>laptop_411.jpg</filename>
	<path>C:\Users\jooye\OneDrive - dongguk.edu\data campus\project\Crawling\downloads\laptop\laptop_411.jpg</path>
	<source>
		<database>Unknown</database>
	</source>
	<size>
		<width>3420</width>
		<height>2279</height>
		<depth>3</depth>
	</size>
	<segmented>0</segmented>
	<object>
		<name>laptop</name>
		<pose>Unspecified</pose>
		<truncated>0</truncated>
		<difficult>0</difficult>
		<bndbox>
			<xmin>328</xmin>
			<ymin>82</ymin>
			<xmax>3099</xmax>
			<ymax>2207</ymax>
		</bndbox>
	</object>
</annotation>
