<annotation>
	<folder>laptop</folder>
	<filename>laptop_388.jpg</filename>
	<path>C:\Users\jooye\OneDrive - dongguk.edu\data campus\project\Crawling\downloads\laptop\laptop_388.jpg</path>
	<source>
		<database>Unknown</database>
	</source>
	<size>
		<width>1328</width>
		<height>740</height>
		<depth>3</depth>
	</size>
	<segmented>0</segmented>
	<object>
		<name>laptop</name>
		<pose>Unspecified</pose>
		<truncated>0</truncated>
		<difficult>0</difficult>
		<bndbox>
			<xmin>210</xmin>
			<ymin>26</ymin>
			<xmax>1038</xmax>
			<ymax>688</ymax>
		</bndbox>
	</object>
</annotation>
