<annotation>
	<folder>laptop</folder>
	<filename>laptop_54.jpg</filename>
	<path>C:\Users\jooye\OneDrive - dongguk.edu\data campus\project\Crawling\downloads\laptop\laptop_54.jpg</path>
	<source>
		<database>Unknown</database>
	</source>
	<size>
		<width>975</width>
		<height>706</height>
		<depth>3</depth>
	</size>
	<segmented>0</segmented>
	<object>
		<name>laptop</name>
		<pose>Unspecified</pose>
		<truncated>1</truncated>
		<difficult>0</difficult>
		<bndbox>
			<xmin>4</xmin>
			<ymin>3</ymin>
			<xmax>970</xmax>
			<ymax>706</ymax>
		</bndbox>
	</object>
</annotation>
