<annotation>
	<folder>laptop</folder>
	<filename>laptop_163.jpg</filename>
	<path>C:\Users\jooye\OneDrive - dongguk.edu\data campus\project\Crawling\downloads\laptop\laptop_163.jpg</path>
	<source>
		<database>Unknown</database>
	</source>
	<size>
		<width>670</width>
		<height>446</height>
		<depth>3</depth>
	</size>
	<segmented>0</segmented>
	<object>
		<name>laptop</name>
		<pose>Unspecified</pose>
		<truncated>0</truncated>
		<difficult>0</difficult>
		<bndbox>
			<xmin>107</xmin>
			<ymin>10</ymin>
			<xmax>578</xmax>
			<ymax>434</ymax>
		</bndbox>
	</object>
</annotation>
