<annotation>
	<folder>laptop</folder>
	<filename>laptop_353.jpg</filename>
	<path>C:\Users\jooye\OneDrive - dongguk.edu\data campus\project\Crawling\downloads\laptop\laptop_353.jpg</path>
	<source>
		<database>Unknown</database>
	</source>
	<size>
		<width>4016</width>
		<height>2728</height>
		<depth>3</depth>
	</size>
	<segmented>0</segmented>
	<object>
		<name>laptop</name>
		<pose>Unspecified</pose>
		<truncated>0</truncated>
		<difficult>0</difficult>
		<bndbox>
			<xmin>225</xmin>
			<ymin>436</ymin>
			<xmax>2095</xmax>
			<ymax>2306</ymax>
		</bndbox>
	</object>
	<object>
		<name>laptop</name>
		<pose>Unspecified</pose>
		<truncated>0</truncated>
		<difficult>0</difficult>
		<bndbox>
			<xmin>2070</xmin>
			<ymin>556</ymin>
			<xmax>3730</xmax>
			<ymax>2236</ymax>
		</bndbox>
	</object>
</annotation>
