<annotation>
	<folder>laptop</folder>
	<filename>laptop_280.jpg</filename>
	<path>C:\Users\jooye\OneDrive - dongguk.edu\data campus\project\Crawling\downloads\laptop\laptop_280.jpg</path>
	<source>
		<database>Unknown</database>
	</source>
	<size>
		<width>2215</width>
		<height>1246</height>
		<depth>3</depth>
	</size>
	<segmented>0</segmented>
	<object>
		<name>laptop</name>
		<pose>Unspecified</pose>
		<truncated>0</truncated>
		<difficult>0</difficult>
		<bndbox>
			<xmin>353</xmin>
			<ymin>5</ymin>
			<xmax>1866</xmax>
			<ymax>1245</ymax>
		</bndbox>
	</object>
</annotation>
