<annotation>
	<folder>laptop</folder>
	<filename>laptop_127.jpg</filename>
	<path>C:\Users\jooye\OneDrive - dongguk.edu\data campus\project\Crawling\downloads\laptop\laptop_127.jpg</path>
	<source>
		<database>Unknown</database>
	</source>
	<size>
		<width>3592</width>
		<height>2620</height>
		<depth>3</depth>
	</size>
	<segmented>0</segmented>
	<object>
		<name>laptop</name>
		<pose>Unspecified</pose>
		<truncated>0</truncated>
		<difficult>0</difficult>
		<bndbox>
			<xmin>109</xmin>
			<ymin>644</ymin>
			<xmax>1941</xmax>
			<ymax>1876</ymax>
		</bndbox>
	</object>
	<object>
		<name>laptop</name>
		<pose>Unspecified</pose>
		<truncated>0</truncated>
		<difficult>0</difficult>
		<bndbox>
			<xmin>1350</xmin>
			<ymin>626</ymin>
			<xmax>3482</xmax>
			<ymax>2007</ymax>
		</bndbox>
	</object>
</annotation>
