<annotation>
	<folder>laptop</folder>
	<filename>laptop_324.jpg</filename>
	<path>C:\Users\jooye\OneDrive - dongguk.edu\data campus\project\Crawling\downloads\laptop\laptop_324.jpg</path>
	<source>
		<database>Unknown</database>
	</source>
	<size>
		<width>1354</width>
		<height>920</height>
		<depth>3</depth>
	</size>
	<segmented>0</segmented>
	<object>
		<name>laptop</name>
		<pose>Unspecified</pose>
		<truncated>1</truncated>
		<difficult>0</difficult>
		<bndbox>
			<xmin>6</xmin>
			<ymin>2</ymin>
			<xmax>1348</xmax>
			<ymax>920</ymax>
		</bndbox>
	</object>
</annotation>
