<annotation>
	<folder>laptop</folder>
	<filename>laptop_137.jpg</filename>
	<path>C:\Users\jooye\OneDrive - dongguk.edu\data campus\project\Crawling\downloads\laptop\laptop_137.jpg</path>
	<source>
		<database>Unknown</database>
	</source>
	<size>
		<width>3828</width>
		<height>2613</height>
		<depth>3</depth>
	</size>
	<segmented>0</segmented>
	<object>
		<name>laptop</name>
		<pose>Unspecified</pose>
		<truncated>0</truncated>
		<difficult>0</difficult>
		<bndbox>
			<xmin>8</xmin>
			<ymin>22</ymin>
			<xmax>3827</xmax>
			<ymax>2609</ymax>
		</bndbox>
	</object>
</annotation>
