<annotation>
	<folder>laptop</folder>
	<filename>laptop_255.jpg</filename>
	<path>C:\Users\jooye\OneDrive - dongguk.edu\data campus\project\Crawling\downloads\laptop\laptop_255.jpg</path>
	<source>
		<database>Unknown</database>
	</source>
	<size>
		<width>3267</width>
		<height>2671</height>
		<depth>3</depth>
	</size>
	<segmented>0</segmented>
	<object>
		<name>laptop</name>
		<pose>Unspecified</pose>
		<truncated>1</truncated>
		<difficult>0</difficult>
		<bndbox>
			<xmin>49</xmin>
			<ymin>21</ymin>
			<xmax>3233</xmax>
			<ymax>2671</ymax>
		</bndbox>
	</object>
</annotation>
