<annotation>
	<folder>laptop</folder>
	<filename>laptop_64.jpg</filename>
	<path>C:\Users\jooye\OneDrive - dongguk.edu\data campus\project\Crawling\downloads\laptop\laptop_64.jpg</path>
	<source>
		<database>Unknown</database>
	</source>
	<size>
		<width>2478</width>
		<height>1394</height>
		<depth>3</depth>
	</size>
	<segmented>0</segmented>
	<object>
		<name>laptop</name>
		<pose>Unspecified</pose>
		<truncated>0</truncated>
		<difficult>0</difficult>
		<bndbox>
			<xmin>474</xmin>
			<ymin>116</ymin>
			<xmax>2340</xmax>
			<ymax>1201</ymax>
		</bndbox>
	</object>
	<object>
		<name>laptop</name>
		<pose>Unspecified</pose>
		<truncated>0</truncated>
		<difficult>0</difficult>
		<bndbox>
			<xmin>10</xmin>
			<ymin>322</ymin>
			<xmax>647</xmax>
			<ymax>1107</ymax>
		</bndbox>
	</object>
</annotation>
