<annotation>
	<folder>laptop</folder>
	<filename>laptop_97.jpg</filename>
	<path>C:\Users\jooye\OneDrive - dongguk.edu\data campus\project\Crawling\downloads\laptop\laptop_97.jpg</path>
	<source>
		<database>Unknown</database>
	</source>
	<size>
		<width>1416</width>
		<height>734</height>
		<depth>3</depth>
	</size>
	<segmented>0</segmented>
	<object>
		<name>laptop</name>
		<pose>Unspecified</pose>
		<truncated>0</truncated>
		<difficult>0</difficult>
		<bndbox>
			<xmin>270</xmin>
			<ymin>93</ymin>
			<xmax>1145</xmax>
			<ymax>646</ymax>
		</bndbox>
	</object>
</annotation>
