<annotation>
	<folder>laptop</folder>
	<filename>laptop_84.jpg</filename>
	<path>C:\Users\jooye\OneDrive - dongguk.edu\data campus\project\Crawling\downloads\laptop\laptop_84.jpg</path>
	<source>
		<database>Unknown</database>
	</source>
	<size>
		<width>946</width>
		<height>630</height>
		<depth>3</depth>
	</size>
	<segmented>0</segmented>
	<object>
		<name>laptop</name>
		<pose>Unspecified</pose>
		<truncated>0</truncated>
		<difficult>0</difficult>
		<bndbox>
			<xmin>211</xmin>
			<ymin>29</ymin>
			<xmax>808</xmax>
			<ymax>597</ymax>
		</bndbox>
	</object>
</annotation>
