<annotation>
	<folder>laptop</folder>
	<filename>laptop_385.jpg</filename>
	<path>C:\Users\jooye\OneDrive - dongguk.edu\data campus\project\Crawling\downloads\laptop\laptop_385.jpg</path>
	<source>
		<database>Unknown</database>
	</source>
	<size>
		<width>3646</width>
		<height>1698</height>
		<depth>3</depth>
	</size>
	<segmented>0</segmented>
	<object>
		<name>laptop</name>
		<pose>Unspecified</pose>
		<truncated>0</truncated>
		<difficult>0</difficult>
		<bndbox>
			<xmin>175</xmin>
			<ymin>551</ymin>
			<xmax>3438</xmax>
			<ymax>1142</ymax>
		</bndbox>
	</object>
</annotation>
