<annotation>
	<folder>laptop</folder>
	<filename>laptop_70.jpg</filename>
	<path>C:\Users\jooye\OneDrive - dongguk.edu\data campus\project\Crawling\downloads\laptop\laptop_70.jpg</path>
	<source>
		<database>Unknown</database>
	</source>
	<size>
		<width>2966</width>
		<height>2265</height>
		<depth>3</depth>
	</size>
	<segmented>0</segmented>
	<object>
		<name>laptop</name>
		<pose>Unspecified</pose>
		<truncated>1</truncated>
		<difficult>0</difficult>
		<bndbox>
			<xmin>6</xmin>
			<ymin>5</ymin>
			<xmax>2966</xmax>
			<ymax>2259</ymax>
		</bndbox>
	</object>
</annotation>
