<annotation>
	<folder>laptop</folder>
	<filename>laptop_259.jpg</filename>
	<path>C:\Users\jooye\OneDrive - dongguk.edu\data campus\project\Crawling\downloads\laptop\laptop_259.jpg</path>
	<source>
		<database>Unknown</database>
	</source>
	<size>
		<width>3513</width>
		<height>2700</height>
		<depth>3</depth>
	</size>
	<segmented>0</segmented>
	<object>
		<name>laptop</name>
		<pose>Unspecified</pose>
		<truncated>1</truncated>
		<difficult>0</difficult>
		<bndbox>
			<xmin>12</xmin>
			<ymin>9</ymin>
			<xmax>3513</xmax>
			<ymax>2696</ymax>
		</bndbox>
	</object>
</annotation>
