<annotation>
	<folder>laptop</folder>
	<filename>laptop_15.jpg</filename>
	<path>C:\Users\jooye\OneDrive - dongguk.edu\data campus\project\Crawling\downloads\laptop\laptop_15.jpg</path>
	<source>
		<database>Unknown</database>
	</source>
	<size>
		<width>600</width>
		<height>600</height>
		<depth>3</depth>
	</size>
	<segmented>0</segmented>
	<object>
		<name>laptop</name>
		<pose>Unspecified</pose>
		<truncated>0</truncated>
		<difficult>0</difficult>
		<bndbox>
			<xmin>71</xmin>
			<ymin>148</ymin>
			<xmax>536</xmax>
			<ymax>451</ymax>
		</bndbox>
	</object>
</annotation>
