<annotation>
	<folder>laptop</folder>
	<filename>laptop_249.jpg</filename>
	<path>C:\Users\jooye\OneDrive - dongguk.edu\data campus\project\Crawling\downloads\laptop\laptop_249.jpg</path>
	<source>
		<database>Unknown</database>
	</source>
	<size>
		<width>2000</width>
		<height>1125</height>
		<depth>3</depth>
	</size>
	<segmented>0</segmented>
	<object>
		<name>laptop</name>
		<pose>Unspecified</pose>
		<truncated>0</truncated>
		<difficult>0</difficult>
		<bndbox>
			<xmin>985</xmin>
			<ymin>214</ymin>
			<xmax>1963</xmax>
			<ymax>982</ymax>
		</bndbox>
	</object>
	<object>
		<name>laptop</name>
		<pose>Unspecified</pose>
		<truncated>0</truncated>
		<difficult>0</difficult>
		<bndbox>
			<xmin>719</xmin>
			<ymin>185</ymin>
			<xmax>1053</xmax>
			<ymax>765</ymax>
		</bndbox>
	</object>
	<object>
		<name>laptop</name>
		<pose>Unspecified</pose>
		<truncated>0</truncated>
		<difficult>0</difficult>
		<bndbox>
			<xmin>534</xmin>
			<ymin>156</ymin>
			<xmax>804</xmax>
			<ymax>639</ymax>
		</bndbox>
	</object>
	<object>
		<name>laptop</name>
		<pose>Unspecified</pose>
		<truncated>0</truncated>
		<difficult>0</difficult>
		<bndbox>
			<xmin>402</xmin>
			<ymin>141</ymin>
			<xmax>595</xmax>
			<ymax>536</ymax>
		</bndbox>
	</object>
</annotation>
