<annotation>
	<folder>laptop</folder>
	<filename>laptop_327.jpg</filename>
	<path>C:\Users\jooye\OneDrive - dongguk.edu\data campus\project\Crawling\downloads\laptop\laptop_327.jpg</path>
	<source>
		<database>Unknown</database>
	</source>
	<size>
		<width>3319</width>
		<height>2405</height>
		<depth>3</depth>
	</size>
	<segmented>0</segmented>
	<object>
		<name>laptop</name>
		<pose>Unspecified</pose>
		<truncated>1</truncated>
		<difficult>0</difficult>
		<bndbox>
			<xmin>15</xmin>
			<ymin>12</ymin>
			<xmax>3319</xmax>
			<ymax>2213</ymax>
		</bndbox>
	</object>
</annotation>
