<annotation>
	<folder>laptop</folder>
	<filename>laptop_8.jpg</filename>
	<path>C:\Users\jooye\OneDrive - dongguk.edu\data campus\project\Crawling\downloads\laptop\laptop_8.jpg</path>
	<source>
		<database>Unknown</database>
	</source>
	<size>
		<width>4500</width>
		<height>3000</height>
		<depth>3</depth>
	</size>
	<segmented>0</segmented>
	<object>
		<name>laptop</name>
		<pose>Unspecified</pose>
		<truncated>0</truncated>
		<difficult>0</difficult>
		<bndbox>
			<xmin>207</xmin>
			<ymin>119</ymin>
			<xmax>4302</xmax>
			<ymax>2874</ymax>
		</bndbox>
	</object>
</annotation>
