<annotation>
	<folder>laptop</folder>
	<filename>laptop_131.jpg</filename>
	<path>C:\Users\jooye\OneDrive - dongguk.edu\data campus\project\Crawling\downloads\laptop\laptop_131.jpg</path>
	<source>
		<database>Unknown</database>
	</source>
	<size>
		<width>5126</width>
		<height>3844</height>
		<depth>3</depth>
	</size>
	<segmented>0</segmented>
	<object>
		<name>laptop</name>
		<pose>Unspecified</pose>
		<truncated>0</truncated>
		<difficult>0</difficult>
		<bndbox>
			<xmin>1088</xmin>
			<ymin>81</ymin>
			<xmax>4575</xmax>
			<ymax>3731</ymax>
		</bndbox>
	</object>
</annotation>
