<annotation>
	<folder>laptop</folder>
	<filename>laptop_115.jpg</filename>
	<path>C:\Users\jooye\OneDrive - dongguk.edu\data campus\project\Crawling\downloads\laptop\laptop_115.jpg</path>
	<source>
		<database>Unknown</database>
	</source>
	<size>
		<width>3086</width>
		<height>1733</height>
		<depth>3</depth>
	</size>
	<segmented>0</segmented>
	<object>
		<name>laptop</name>
		<pose>Unspecified</pose>
		<truncated>0</truncated>
		<difficult>0</difficult>
		<bndbox>
			<xmin>1050</xmin>
			<ymin>134</ymin>
			<xmax>2500</xmax>
			<ymax>1568</ymax>
		</bndbox>
	</object>
	<object>
		<name>laptop</name>
		<pose>Unspecified</pose>
		<truncated>1</truncated>
		<difficult>0</difficult>
		<bndbox>
			<xmin>320</xmin>
			<ymin>580</ymin>
			<xmax>2298</xmax>
			<ymax>1733</ymax>
		</bndbox>
	</object>
</annotation>
