<annotation>
	<folder>laptop</folder>
	<filename>laptop_38.jpg</filename>
	<path>C:\Users\jooye\OneDrive - dongguk.edu\data campus\project\Crawling\downloads\laptop\laptop_38.jpg</path>
	<source>
		<database>Unknown</database>
	</source>
	<size>
		<width>3337</width>
		<height>2417</height>
		<depth>3</depth>
	</size>
	<segmented>0</segmented>
	<object>
		<name>laptop</name>
		<pose>Unspecified</pose>
		<truncated>0</truncated>
		<difficult>0</difficult>
		<bndbox>
			<xmin>7</xmin>
			<ymin>6</ymin>
			<xmax>3316</xmax>
			<ymax>2310</ymax>
		</bndbox>
	</object>
</annotation>
