<annotation>
	<folder>laptop</folder>
	<filename>laptop_47.jpg</filename>
	<path>C:\Users\jooye\OneDrive - dongguk.edu\data campus\project\Crawling\downloads\laptop\laptop_47.jpg</path>
	<source>
		<database>Unknown</database>
	</source>
	<size>
		<width>4640</width>
		<height>2196</height>
		<depth>3</depth>
	</size>
	<segmented>0</segmented>
	<object>
		<name>laptop</name>
		<pose>Unspecified</pose>
		<truncated>0</truncated>
		<difficult>0</difficult>
		<bndbox>
			<xmin>1034</xmin>
			<ymin>377</ymin>
			<xmax>3393</xmax>
			<ymax>2018</ymax>
		</bndbox>
	</object>
</annotation>
