<annotation>
	<folder>laptop</folder>
	<filename>laptop_302.jpg</filename>
	<path>C:\Users\jooye\OneDrive - dongguk.edu\data campus\project\Crawling\downloads\laptop\laptop_302.jpg</path>
	<source>
		<database>Unknown</database>
	</source>
	<size>
		<width>1808</width>
		<height>1680</height>
		<depth>3</depth>
	</size>
	<segmented>0</segmented>
	<object>
		<name>laptop</name>
		<pose>Unspecified</pose>
		<truncated>0</truncated>
		<difficult>0</difficult>
		<bndbox>
			<xmin>118</xmin>
			<ymin>78</ymin>
			<xmax>1689</xmax>
			<ymax>1596</ymax>
		</bndbox>
	</object>
</annotation>
