<annotation>
	<folder>laptop</folder>
	<filename>laptop_312.jpg</filename>
	<path>C:\Users\jooye\OneDrive - dongguk.edu\data campus\project\Crawling\downloads\laptop\laptop_312.jpg</path>
	<source>
		<database>Unknown</database>
	</source>
	<size>
		<width>1879</width>
		<height>1206</height>
		<depth>3</depth>
	</size>
	<segmented>0</segmented>
	<object>
		<name>laptop</name>
		<pose>Unspecified</pose>
		<truncated>0</truncated>
		<difficult>0</difficult>
		<bndbox>
			<xmin>149</xmin>
			<ymin>45</ymin>
			<xmax>1610</xmax>
			<ymax>1150</ymax>
		</bndbox>
	</object>
</annotation>
