<annotation>
	<folder>laptop</folder>
	<filename>laptop_282.jpg</filename>
	<path>C:\Users\jooye\OneDrive - dongguk.edu\data campus\project\Crawling\downloads\laptop\laptop_282.jpg</path>
	<source>
		<database>Unknown</database>
	</source>
	<size>
		<width>705</width>
		<height>470</height>
		<depth>3</depth>
	</size>
	<segmented>0</segmented>
	<object>
		<name>laptop</name>
		<pose>Unspecified</pose>
		<truncated>0</truncated>
		<difficult>0</difficult>
		<bndbox>
			<xmin>48</xmin>
			<ymin>22</ymin>
			<xmax>658</xmax>
			<ymax>448</ymax>
		</bndbox>
	</object>
</annotation>
