<annotation>
	<folder>laptop</folder>
	<filename>laptop_354.jpg</filename>
	<path>C:\Users\jooye\OneDrive - dongguk.edu\data campus\project\Crawling\downloads\laptop\laptop_354.jpg</path>
	<source>
		<database>Unknown</database>
	</source>
	<size>
		<width>1999</width>
		<height>1125</height>
		<depth>3</depth>
	</size>
	<segmented>0</segmented>
	<object>
		<name>laptop</name>
		<pose>Unspecified</pose>
		<truncated>0</truncated>
		<difficult>0</difficult>
		<bndbox>
			<xmin>461</xmin>
			<ymin>36</ymin>
			<xmax>1695</xmax>
			<ymax>1095</ymax>
		</bndbox>
	</object>
</annotation>
