<annotation>
	<folder>laptop</folder>
	<filename>laptop_86.jpg</filename>
	<path>C:\Users\jooye\OneDrive - dongguk.edu\data campus\project\Crawling\downloads\laptop\laptop_86.jpg</path>
	<source>
		<database>Unknown</database>
	</source>
	<size>
		<width>2284</width>
		<height>1712</height>
		<depth>3</depth>
	</size>
	<segmented>0</segmented>
	<object>
		<name>laptop</name>
		<pose>Unspecified</pose>
		<truncated>0</truncated>
		<difficult>0</difficult>
		<bndbox>
			<xmin>376</xmin>
			<ymin>423</ymin>
			<xmax>1776</xmax>
			<ymax>1270</ymax>
		</bndbox>
	</object>
</annotation>
