<annotation>
	<folder>laptop</folder>
	<filename>laptop_151.jpg</filename>
	<path>C:\Users\jooye\OneDrive - dongguk.edu\data campus\project\Crawling\downloads\laptop\laptop_151.jpg</path>
	<source>
		<database>Unknown</database>
	</source>
	<size>
		<width>3087</width>
		<height>2058</height>
		<depth>3</depth>
	</size>
	<segmented>0</segmented>
	<object>
		<name>laptop</name>
		<pose>Unspecified</pose>
		<truncated>0</truncated>
		<difficult>0</difficult>
		<bndbox>
			<xmin>12</xmin>
			<ymin>84</ymin>
			<xmax>2470</xmax>
			<ymax>2023</ymax>
		</bndbox>
	</object>
</annotation>
