<annotation>
	<folder>laptop</folder>
	<filename>laptop_342.jpg</filename>
	<path>C:\Users\jooye\OneDrive - dongguk.edu\data campus\project\Crawling\downloads\laptop\laptop_342.jpg</path>
	<source>
		<database>Unknown</database>
	</source>
	<size>
		<width>2892</width>
		<height>2730</height>
		<depth>3</depth>
	</size>
	<segmented>0</segmented>
	<object>
		<name>laptop</name>
		<pose>Unspecified</pose>
		<truncated>0</truncated>
		<difficult>0</difficult>
		<bndbox>
			<xmin>315</xmin>
			<ymin>159</ymin>
			<xmax>2583</xmax>
			<ymax>2580</ymax>
		</bndbox>
	</object>
</annotation>
