<annotation>
	<folder>laptop</folder>
	<filename>laptop_226.jpg</filename>
	<path>C:\Users\jooye\OneDrive - dongguk.edu\data campus\project\Crawling\downloads\laptop\laptop_226.jpg</path>
	<source>
		<database>Unknown</database>
	</source>
	<size>
		<width>3763</width>
		<height>2117</height>
		<depth>3</depth>
	</size>
	<segmented>0</segmented>
	<object>
		<name>laptop</name>
		<pose>Unspecified</pose>
		<truncated>0</truncated>
		<difficult>0</difficult>
		<bndbox>
			<xmin>786</xmin>
			<ymin>270</ymin>
			<xmax>3081</xmax>
			<ymax>1870</ymax>
		</bndbox>
	</object>
</annotation>
