<annotation>
	<folder>laptop</folder>
	<filename>laptop_357.jpg</filename>
	<path>C:\Users\jooye\OneDrive - dongguk.edu\data campus\project\Crawling\downloads\laptop\laptop_357.jpg</path>
	<source>
		<database>Unknown</database>
	</source>
	<size>
		<width>3014</width>
		<height>1696</height>
		<depth>3</depth>
	</size>
	<segmented>0</segmented>
	<object>
		<name>laptop</name>
		<pose>Unspecified</pose>
		<truncated>0</truncated>
		<difficult>0</difficult>
		<bndbox>
			<xmin>275</xmin>
			<ymin>97</ymin>
			<xmax>2612</xmax>
			<ymax>1597</ymax>
		</bndbox>
	</object>
</annotation>
