<annotation>
	<folder>laptop</folder>
	<filename>laptop_186.jpg</filename>
	<path>C:\Users\jooye\OneDrive - dongguk.edu\data campus\project\Crawling\downloads\laptop\laptop_186.jpg</path>
	<source>
		<database>Unknown</database>
	</source>
	<size>
		<width>2030</width>
		<height>1522</height>
		<depth>3</depth>
	</size>
	<segmented>0</segmented>
	<object>
		<name>laptop</name>
		<pose>Unspecified</pose>
		<truncated>0</truncated>
		<difficult>0</difficult>
		<bndbox>
			<xmin>400</xmin>
			<ymin>352</ymin>
			<xmax>1625</xmax>
			<ymax>1190</ymax>
		</bndbox>
	</object>
</annotation>
