<annotation>
	<folder>laptop</folder>
	<filename>laptop_1.jpg</filename>
	<path>C:\Users\jooye\OneDrive - dongguk.edu\data campus\project\Crawling\downloads\laptop\laptop_1.jpg</path>
	<source>
		<database>Unknown</database>
	</source>
	<size>
		<width>1144</width>
		<height>1144</height>
		<depth>3</depth>
	</size>
	<segmented>0</segmented>
	<object>
		<name>laptop</name>
		<pose>Unspecified</pose>
		<truncated>0</truncated>
		<difficult>0</difficult>
		<bndbox>
			<xmin>98</xmin>
			<ymin>56</ymin>
			<xmax>1045</xmax>
			<ymax>862</ymax>
		</bndbox>
	</object>
</annotation>
