<annotation>
	<folder>airpods</folder>
	<filename>119.jpg</filename>
	<path>C:\Users\su221\1st Project\sample_img\airpods\119.jpg</path>
	<source>
		<database>Unknown</database>
	</source>
	<size>
		<width>340</width>
		<height>340</height>
		<depth>3</depth>
	</size>
	<segmented>0</segmented>
	<object>
		<name>airpods</name>
		<pose>Unspecified</pose>
		<truncated>0</truncated>
		<difficult>0</difficult>
		<bndbox>
			<xmin>39</xmin>
			<ymin>50</ymin>
			<xmax>197</xmax>
			<ymax>190</ymax>
		</bndbox>
	</object>
	<object>
		<name>airpods</name>
		<pose>Unspecified</pose>
		<truncated>0</truncated>
		<difficult>0</difficult>
		<bndbox>
			<xmin>122</xmin>
			<ymin>184</ymin>
			<xmax>196</xmax>
			<ymax>283</ymax>
		</bndbox>
	</object>
	<object>
		<name>airpods</name>
		<pose>Unspecified</pose>
		<truncated>0</truncated>
		<difficult>0</difficult>
		<bndbox>
			<xmin>184</xmin>
			<ymin>163</ymin>
			<xmax>258</xmax>
			<ymax>256</ymax>
		</bndbox>
	</object>
</annotation>
