<annotation>
	<folder>airpods</folder>
	<filename>138.jpg</filename>
	<path>C:\Users\su221\1st Project\sample_img\airpods\138.jpg</path>
	<source>
		<database>Unknown</database>
	</source>
	<size>
		<width>340</width>
		<height>165</height>
		<depth>3</depth>
	</size>
	<segmented>0</segmented>
	<object>
		<name>airpods</name>
		<pose>Unspecified</pose>
		<truncated>0</truncated>
		<difficult>0</difficult>
		<bndbox>
			<xmin>38</xmin>
			<ymin>36</ymin>
			<xmax>167</xmax>
			<ymax>149</ymax>
		</bndbox>
	</object>
	<object>
		<name>airpods</name>
		<pose>Unspecified</pose>
		<truncated>0</truncated>
		<difficult>0</difficult>
		<bndbox>
			<xmin>168</xmin>
			<ymin>37</ymin>
			<xmax>301</xmax>
			<ymax>150</ymax>
		</bndbox>
	</object>
</annotation>
