<annotation>
	<folder>airpods</folder>
	<filename>152.jpg</filename>
	<path>C:\Users\su221\1st Project\sample_img\airpods\152.jpg</path>
	<source>
		<database>Unknown</database>
	</source>
	<size>
		<width>340</width>
		<height>453</height>
		<depth>3</depth>
	</size>
	<segmented>0</segmented>
	<object>
		<name>airpods</name>
		<pose>Unspecified</pose>
		<truncated>0</truncated>
		<difficult>0</difficult>
		<bndbox>
			<xmin>40</xmin>
			<ymin>181</ymin>
			<xmax>245</xmax>
			<ymax>362</ymax>
		</bndbox>
	</object>
</annotation>
