<annotation>
	<folder>airpods</folder>
	<filename>26.jpg</filename>
	<path>C:\Users\su221\1st Project\sample_img\airpods\26.jpg</path>
	<source>
		<database>Unknown</database>
	</source>
	<size>
		<width>340</width>
		<height>227</height>
		<depth>3</depth>
	</size>
	<segmented>0</segmented>
	<object>
		<name>airpods</name>
		<pose>Unspecified</pose>
		<truncated>0</truncated>
		<difficult>0</difficult>
		<bndbox>
			<xmin>206</xmin>
			<ymin>43</ymin>
			<xmax>251</xmax>
			<ymax>103</ymax>
		</bndbox>
	</object>
	<object>
		<name>airpods</name>
		<pose>Unspecified</pose>
		<truncated>0</truncated>
		<difficult>0</difficult>
		<bndbox>
			<xmin>254</xmin>
			<ymin>57</ymin>
			<xmax>319</xmax>
			<ymax>103</ymax>
		</bndbox>
	</object>
</annotation>
