<annotation>
	<folder>airpods</folder>
	<filename>3.png</filename>
	<path>C:\Users\su221\1st Project\sample_img\airpods\3.png</path>
	<source>
		<database>Unknown</database>
	</source>
	<size>
		<width>0</width>
		<height>0</height>
		<depth>3</depth>
	</size>
	<segmented>0</segmented>
	<object>
		<name>airpods</name>
		<pose>Unspecified</pose>
		<truncated>0</truncated>
		<difficult>0</difficult>
		<bndbox>
			<xmin>65</xmin>
			<ymin>23</ymin>
			<xmax>276</xmax>
			<ymax>279</ymax>
		</bndbox>
	</object>
	<object>
		<name>airpods</name>
		<pose>Unspecified</pose>
		<truncated>0</truncated>
		<difficult>0</difficult>
		<bndbox>
			<xmin>81</xmin>
			<ymin>25</ymin>
			<xmax>159</xmax>
			<ymax>136</ymax>
		</bndbox>
	</object>
	<object>
		<name>airpods</name>
		<pose>Unspecified</pose>
		<truncated>0</truncated>
		<difficult>0</difficult>
		<bndbox>
			<xmin>179</xmin>
			<ymin>25</ymin>
			<xmax>257</xmax>
			<ymax>134</ymax>
		</bndbox>
	</object>
</annotation>
