<annotation>
	<folder>airpods</folder>
	<filename>38.JPG</filename>
	<path>C:\Users\su221\1st Project\sample_img\airpods\38.JPG</path>
	<source>
		<database>Unknown</database>
	</source>
	<size>
		<width>340</width>
		<height>510</height>
		<depth>3</depth>
	</size>
	<segmented>0</segmented>
	<object>
		<name>airpods</name>
		<pose>Unspecified</pose>
		<truncated>0</truncated>
		<difficult>0</difficult>
		<bndbox>
			<xmin>120</xmin>
			<ymin>99</ymin>
			<xmax>238</xmax>
			<ymax>410</ymax>
		</bndbox>
	</object>
</annotation>
