<annotation>
	<folder>airpods</folder>
	<filename>50.jpg</filename>
	<path>C:\Users\su221\1st Project\sample_img\airpods\50.jpg</path>
	<source>
		<database>Unknown</database>
	</source>
	<size>
		<width>340</width>
		<height>227</height>
		<depth>3</depth>
	</size>
	<segmented>0</segmented>
	<object>
		<name>airpods</name>
		<pose>Unspecified</pose>
		<truncated>0</truncated>
		<difficult>0</difficult>
		<bndbox>
			<xmin>201</xmin>
			<ymin>17</ymin>
			<xmax>335</xmax>
			<ymax>148</ymax>
		</bndbox>
	</object>
</annotation>
