<annotation>
	<folder>airpods</folder>
	<filename>52.jpg</filename>
	<path>C:\Users\su221\1st Project\sample_img\airpods\52.jpg</path>
	<source>
		<database>Unknown</database>
	</source>
	<size>
		<width>340</width>
		<height>255</height>
		<depth>3</depth>
	</size>
	<segmented>0</segmented>
	<object>
		<name>airpods</name>
		<pose>Unspecified</pose>
		<truncated>0</truncated>
		<difficult>0</difficult>
		<bndbox>
			<xmin>92</xmin>
			<ymin>108</ymin>
			<xmax>174</xmax>
			<ymax>176</ymax>
		</bndbox>
	</object>
	<object>
		<name>airpods</name>
		<pose>Unspecified</pose>
		<truncated>0</truncated>
		<difficult>0</difficult>
		<bndbox>
			<xmin>190</xmin>
			<ymin>106</ymin>
			<xmax>283</xmax>
			<ymax>175</ymax>
		</bndbox>
	</object>
</annotation>
