<annotation>
	<folder>airpods</folder>
	<filename>73.jpg</filename>
	<path>C:\Users\su221\1st Project\sample_img\airpods\73.jpg</path>
	<source>
		<database>Unknown</database>
	</source>
	<size>
		<width>340</width>
		<height>426</height>
		<depth>3</depth>
	</size>
	<segmented>0</segmented>
	<object>
		<name>airpods</name>
		<pose>Unspecified</pose>
		<truncated>0</truncated>
		<difficult>0</difficult>
		<bndbox>
			<xmin>191</xmin>
			<ymin>230</ymin>
			<xmax>216</xmax>
			<ymax>259</ymax>
		</bndbox>
	</object>
	<object>
		<name>airpods</name>
		<pose>Unspecified</pose>
		<truncated>0</truncated>
		<difficult>0</difficult>
		<bndbox>
			<xmin>223</xmin>
			<ymin>226</ymin>
			<xmax>244</xmax>
			<ymax>256</ymax>
		</bndbox>
	</object>
	<object>
		<name>airpods</name>
		<pose>Unspecified</pose>
		<truncated>0</truncated>
		<difficult>0</difficult>
		<bndbox>
			<xmin>208</xmin>
			<ymin>275</ymin>
			<xmax>244</xmax>
			<ymax>317</ymax>
		</bndbox>
	</object>
</annotation>
