<annotation>
	<folder>airpods</folder>
	<filename>91.jpg</filename>
	<path>C:\Users\su221\1st Project\sample_img\airpods\91.jpg</path>
	<source>
		<database>Unknown</database>
	</source>
	<size>
		<width>340</width>
		<height>255</height>
		<depth>3</depth>
	</size>
	<segmented>0</segmented>
	<object>
		<name>airpods</name>
		<pose>Unspecified</pose>
		<truncated>0</truncated>
		<difficult>0</difficult>
		<bndbox>
			<xmin>63</xmin>
			<ymin>104</ymin>
			<xmax>151</xmax>
			<ymax>179</ymax>
		</bndbox>
	</object>
	<object>
		<name>airpods</name>
		<pose>Unspecified</pose>
		<truncated>0</truncated>
		<difficult>0</difficult>
		<bndbox>
			<xmin>198</xmin>
			<ymin>102</ymin>
			<xmax>296</xmax>
			<ymax>175</ymax>
		</bndbox>
	</object>
</annotation>
