<annotation>
	<folder>working space</folder>
	<filename>62.png</filename>
	<path>C:\Users\dongjae\[datacampus]\cumstom_dataset\sample_images\working space\62.png</path>
	<source>
		<database>Unknown</database>
	</source>
	<size>
		<width>0</width>
		<height>0</height>
		<depth>3</depth>
	</size>
	<segmented>0</segmented>
	<object>
		<name>book</name>
		<pose>Unspecified</pose>
		<truncated>0</truncated>
		<difficult>0</difficult>
		<bndbox>
			<xmin>15</xmin>
			<ymin>82</ymin>
			<xmax>332</xmax>
			<ymax>266</ymax>
		</bndbox>
	</object>
</annotation>
