<annotation>
	<folder>book_annotations</folder>
	<filename>1.JPG</filename>
	<path>C:\Users\dongjae\[datacampus]\cumstom_dataset\sample_imagesannotations\book_annotations\1.JPG</path>
	<source>
		<database>Unknown</database>
	</source>
	<size>
		<width>340</width>
		<height>255</height>
		<depth>3</depth>
	</size>
	<segmented>0</segmented>
	<object>
		<name>pen(pencil)</name>
		<pose>Unspecified</pose>
		<truncated>0</truncated>
		<difficult>0</difficult>
		<bndbox>
			<xmin>19</xmin>
			<ymin>132</ymin>
			<xmax>256</xmax>
			<ymax>201</ymax>
		</bndbox>
	</object>
	<object>
		<name>pen(pencil)</name>
		<pose>Unspecified</pose>
		<truncated>1</truncated>
		<difficult>0</difficult>
		<bndbox>
			<xmin>248</xmin>
			<ymin>35</ymin>
			<xmax>340</xmax>
			<ymax>200</ymax>
		</bndbox>
	</object>
</annotation>
