<annotation>
	<folder>book</folder>
	<filename>126.jpg</filename>
	<path>C:\Users\dongjae\[datacampus]\cumstom_dataset\sample_images\book\126.jpg</path>
	<source>
		<database>Unknown</database>
	</source>
	<size>
		<width>340</width>
		<height>475</height>
		<depth>3</depth>
	</size>
	<segmented>0</segmented>
	<object>
		<name>book</name>
		<pose>Unspecified</pose>
		<truncated>1</truncated>
		<difficult>0</difficult>
		<bndbox>
			<xmin>1</xmin>
			<ymin>3</ymin>
			<xmax>338</xmax>
			<ymax>465</ymax>
		</bndbox>
	</object>
</annotation>
