<annotation>
	<folder>book</folder>
	<filename>141.png</filename>
	<path>C:\Users\dongjae\[datacampus]\cumstom_dataset\sample_images\book\141.png</path>
	<source>
		<database>Unknown</database>
	</source>
	<size>
		<width>0</width>
		<height>0</height>
		<depth>3</depth>
	</size>
	<segmented>0</segmented>
	<object>
		<name>book</name>
		<pose>Unspecified</pose>
		<truncated>0</truncated>
		<difficult>0</difficult>
		<bndbox>
			<xmin>25</xmin>
			<ymin>14</ymin>
			<xmax>338</xmax>
			<ymax>231</ymax>
		</bndbox>
	</object>
</annotation>
