<annotation>
	<folder>working space</folder>
	<filename>31.png</filename>
	<path>C:\Users\dongjae\[datacampus]\cumstom_dataset\sample_images\working space\31.png</path>
	<source>
		<database>Unknown</database>
	</source>
	<size>
		<width>0</width>
		<height>0</height>
		<depth>3</depth>
	</size>
	<segmented>0</segmented>
	<object>
		<name>book</name>
		<pose>Unspecified</pose>
		<truncated>0</truncated>
		<difficult>0</difficult>
		<bndbox>
			<xmin>58</xmin>
			<ymin>44</ymin>
			<xmax>277</xmax>
			<ymax>185</ymax>
		</bndbox>
	</object>
</annotation>
