<annotation>
	<folder>book</folder>
	<filename>16.JPG</filename>
	<path>C:\Users\dongjae\[datacampus]\cumstom_dataset\sample_images\book\16.JPG</path>
	<source>
		<database>Unknown</database>
	</source>
	<size>
		<width>340</width>
		<height>255</height>
		<depth>3</depth>
	</size>
	<segmented>0</segmented>
	<object>
		<name>book</name>
		<pose>Unspecified</pose>
		<truncated>1</truncated>
		<difficult>0</difficult>
		<bndbox>
			<xmin>12</xmin>
			<ymin>6</ymin>
			<xmax>338</xmax>
			<ymax>255</ymax>
		</bndbox>
	</object>
</annotation>
