<annotation>
	<folder>working space</folder>
	<filename>87.png</filename>
	<path>C:\Users\dongjae\[datacampus]\cumstom_dataset\sample_images\working space\87.png</path>
	<source>
		<database>Unknown</database>
	</source>
	<size>
		<width>0</width>
		<height>0</height>
		<depth>3</depth>
	</size>
	<segmented>0</segmented>
	<object>
		<name>book</name>
		<pose>Unspecified</pose>
		<truncated>0</truncated>
		<difficult>0</difficult>
		<bndbox>
			<xmin>182</xmin>
			<ymin>80</ymin>
			<xmax>340</xmax>
			<ymax>182</ymax>
		</bndbox>
	</object>
	<object>
		<name>book</name>
		<pose>Unspecified</pose>
		<truncated>0</truncated>
		<difficult>0</difficult>
		<bndbox>
			<xmin>3</xmin>
			<ymin>107</ymin>
			<xmax>112</xmax>
			<ymax>181</ymax>
		</bndbox>
	</object>
</annotation>
