<annotation>
	<folder>airpods</folder>
	<filename>172.jpg</filename>
	<path>C:\Users\su221\1st Project\sample_img\airpods\172.jpg</path>
	<source>
		<database>Unknown</database>
	</source>
	<size>
		<width>340</width>
		<height>227</height>
		<depth>3</depth>
	</size>
	<segmented>0</segmented>
	<object>
		<name>airpods</name>
		<pose>Unspecified</pose>
		<truncated>0</truncated>
		<difficult>0</difficult>
		<bndbox>
			<xmin>104</xmin>
			<ymin>50</ymin>
			<xmax>193</xmax>
			<ymax>171</ymax>
		</bndbox>
	</object>
	<object>
		<name>airpods</name>
		<pose>Unspecified</pose>
		<truncated>0</truncated>
		<difficult>0</difficult>
		<bndbox>
			<xmin>188</xmin>
			<ymin>40</ymin>
			<xmax>272</xmax>
			<ymax>140</ymax>
		</bndbox>
	</object>
</annotation>
