<annotation>
	<folder>airpods</folder>
	<filename>122.jpg</filename>
	<path>C:\Users\su221\1st Project\sample_img\airpods\122.jpg</path>
	<source>
		<database>Unknown</database>
	</source>
	<size>
		<width>340</width>
		<height>217</height>
		<depth>3</depth>
	</size>
	<segmented>0</segmented>
	<object>
		<name>airpods</name>
		<pose>Unspecified</pose>
		<truncated>0</truncated>
		<difficult>0</difficult>
		<bndbox>
			<xmin>196</xmin>
			<ymin>94</ymin>
			<xmax>320</xmax>
			<ymax>201</ymax>
		</bndbox>
	</object>
	<object>
		<name>airpods</name>
		<pose>Unspecified</pose>
		<truncated>0</truncated>
		<difficult>0</difficult>
		<bndbox>
			<xmin>10</xmin>
			<ymin>95</ymin>
			<xmax>115</xmax>
			<ymax>207</ymax>
		</bndbox>
	</object>
</annotation>
