<annotation>
	<folder>airpods</folder>
	<filename>196.jpg</filename>
	<path>C:\Users\su221\1st Project\sample_img\airpods\196.jpg</path>
	<source>
		<database>Unknown</database>
	</source>
	<size>
		<width>340</width>
		<height>453</height>
		<depth>3</depth>
	</size>
	<segmented>0</segmented>
	<object>
		<name>airpods</name>
		<pose>Unspecified</pose>
		<truncated>0</truncated>
		<difficult>0</difficult>
		<bndbox>
			<xmin>89</xmin>
			<ymin>129</ymin>
			<xmax>167</xmax>
			<ymax>261</ymax>
		</bndbox>
	</object>
	<object>
		<name>airpods</name>
		<pose>Unspecified</pose>
		<truncated>0</truncated>
		<difficult>0</difficult>
		<bndbox>
			<xmin>147</xmin>
			<ymin>150</ymin>
			<xmax>203</xmax>
			<ymax>324</ymax>
		</bndbox>
	</object>
</annotation>
