<annotation>
	<folder>airpods</folder>
	<filename>198.jpg</filename>
	<path>C:\Users\su221\1st Project\sample_img\airpods\198.jpg</path>
	<source>
		<database>Unknown</database>
	</source>
	<size>
		<width>340</width>
		<height>396</height>
		<depth>3</depth>
	</size>
	<segmented>0</segmented>
	<object>
		<name>airpods</name>
		<pose>Unspecified</pose>
		<truncated>0</truncated>
		<difficult>0</difficult>
		<bndbox>
			<xmin>34</xmin>
			<ymin>51</ymin>
			<xmax>298</xmax>
			<ymax>284</ymax>
		</bndbox>
	</object>
</annotation>
