<annotation>
	<folder>airpods</folder>
	<filename>16.JPG</filename>
	<path>C:\Users\su221\1st Project\sample_img\airpods\16.JPG</path>
	<source>
		<database>Unknown</database>
	</source>
	<size>
		<width>340</width>
		<height>510</height>
		<depth>3</depth>
	</size>
	<segmented>0</segmented>
	<object>
		<name>airpods</name>
		<pose>Unspecified</pose>
		<truncated>0</truncated>
		<difficult>0</difficult>
		<bndbox>
			<xmin>118</xmin>
			<ymin>343</ymin>
			<xmax>178</xmax>
			<ymax>417</ymax>
		</bndbox>
	</object>
	<object>
		<name>airpods</name>
		<pose>Unspecified</pose>
		<truncated>0</truncated>
		<difficult>0</difficult>
		<bndbox>
			<xmin>202</xmin>
			<ymin>295</ymin>
			<xmax>258</xmax>
			<ymax>370</ymax>
		</bndbox>
	</object>
</annotation>
