<annotation>
	<folder>airpods</folder>
	<filename>19.jpg</filename>
	<path>C:\Users\su221\1st Project\sample_img\airpods\19.jpg</path>
	<source>
		<database>Unknown</database>
	</source>
	<size>
		<width>340</width>
		<height>340</height>
		<depth>3</depth>
	</size>
	<segmented>0</segmented>
	<object>
		<name>airpods</name>
		<pose>Unspecified</pose>
		<truncated>0</truncated>
		<difficult>0</difficult>
		<bndbox>
			<xmin>180</xmin>
			<ymin>215</ymin>
			<xmax>204</xmax>
			<ymax>246</ymax>
		</bndbox>
	</object>
	<object>
		<name>airpods</name>
		<pose>Unspecified</pose>
		<truncated>0</truncated>
		<difficult>0</difficult>
		<bndbox>
			<xmin>257</xmin>
			<ymin>252</ymin>
			<xmax>285</xmax>
			<ymax>287</ymax>
		</bndbox>
	</object>
	<object>
		<name>airpods</name>
		<pose>Unspecified</pose>
		<truncated>0</truncated>
		<difficult>0</difficult>
		<bndbox>
			<xmin>187</xmin>
			<ymin>248</ymin>
			<xmax>257</xmax>
			<ymax>316</ymax>
		</bndbox>
	</object>
</annotation>
