<annotation>
	<folder>airpods</folder>
	<filename>204.jpg</filename>
	<path>C:\Users\su221\1st Project\sample_img\airpods\204.jpg</path>
	<source>
		<database>Unknown</database>
	</source>
	<size>
		<width>340</width>
		<height>227</height>
		<depth>3</depth>
	</size>
	<segmented>0</segmented>
	<object>
		<name>airpods</name>
		<pose>Unspecified</pose>
		<truncated>0</truncated>
		<difficult>0</difficult>
		<bndbox>
			<xmin>103</xmin>
			<ymin>48</ymin>
			<xmax>222</xmax>
			<ymax>159</ymax>
		</bndbox>
	</object>
</annotation>
