<annotation>
	<folder>airpods</folder>
	<filename>112.JPG</filename>
	<path>C:\Users\su221\1st Project\sample_img\airpods\112.JPG</path>
	<source>
		<database>Unknown</database>
	</source>
	<size>
		<width>340</width>
		<height>209</height>
		<depth>1</depth>
	</size>
	<segmented>0</segmented>
	<object>
		<name>airpods</name>
		<pose>Unspecified</pose>
		<truncated>0</truncated>
		<difficult>0</difficult>
		<bndbox>
			<xmin>45</xmin>
			<ymin>18</ymin>
			<xmax>160</xmax>
			<ymax>188</ymax>
		</bndbox>
	</object>
	<object>
		<name>airpods</name>
		<pose>Unspecified</pose>
		<truncated>0</truncated>
		<difficult>0</difficult>
		<bndbox>
			<xmin>172</xmin>
			<ymin>19</ymin>
			<xmax>295</xmax>
			<ymax>187</ymax>
		</bndbox>
	</object>
</annotation>
