<annotation>
	<folder>airpods</folder>
	<filename>13.JPG</filename>
	<path>C:\Users\su221\1st Project\sample_img\airpods\13.JPG</path>
	<source>
		<database>Unknown</database>
	</source>
	<size>
		<width>340</width>
		<height>510</height>
		<depth>3</depth>
	</size>
	<segmented>0</segmented>
	<object>
		<name>airpods</name>
		<pose>Unspecified</pose>
		<truncated>0</truncated>
		<difficult>0</difficult>
		<bndbox>
			<xmin>24</xmin>
			<ymin>166</ymin>
			<xmax>210</xmax>
			<ymax>306</ymax>
		</bndbox>
	</object>
	<object>
		<name>airpods</name>
		<pose>Unspecified</pose>
		<truncated>0</truncated>
		<difficult>0</difficult>
		<bndbox>
			<xmin>118</xmin>
			<ymin>272</ymin>
			<xmax>319</xmax>
			<ymax>400</ymax>
		</bndbox>
	</object>
</annotation>
