<annotation>
	<folder>airpods</folder>
	<filename>167.JPG</filename>
	<path>C:\Users\su221\1st Project\sample_img\airpods\167.JPG</path>
	<source>
		<database>Unknown</database>
	</source>
	<size>
		<width>340</width>
		<height>453</height>
		<depth>3</depth>
	</size>
	<segmented>0</segmented>
	<object>
		<name>airpods</name>
		<pose>Unspecified</pose>
		<truncated>0</truncated>
		<difficult>0</difficult>
		<bndbox>
			<xmin>53</xmin>
			<ymin>197</ymin>
			<xmax>166</xmax>
			<ymax>290</ymax>
		</bndbox>
	</object>
	<object>
		<name>airpods</name>
		<pose>Unspecified</pose>
		<truncated>0</truncated>
		<difficult>0</difficult>
		<bndbox>
			<xmin>168</xmin>
			<ymin>212</ymin>
			<xmax>256</xmax>
			<ymax>315</ymax>
		</bndbox>
	</object>
</annotation>
