<annotation>
	<folder>airpods</folder>
	<filename>5.JPG</filename>
	<path>C:\Users\su221\1st Project\sample_img\airpods\5.JPG</path>
	<source>
		<database>Unknown</database>
	</source>
	<size>
		<width>340</width>
		<height>510</height>
		<depth>3</depth>
	</size>
	<segmented>0</segmented>
	<object>
		<name>airpods</name>
		<pose>Unspecified</pose>
		<truncated>0</truncated>
		<difficult>0</difficult>
		<bndbox>
			<xmin>57</xmin>
			<ymin>224</ymin>
			<xmax>321</xmax>
			<ymax>442</ymax>
		</bndbox>
	</object>
</annotation>
