<annotation>
	<folder>airpods</folder>
	<filename>190.JPG</filename>
	<path>C:\Users\su221\1st Project\sample_img\airpods\190.JPG</path>
	<source>
		<database>Unknown</database>
	</source>
	<size>
		<width>340</width>
		<height>227</height>
		<depth>3</depth>
	</size>
	<segmented>0</segmented>
	<object>
		<name>airpods</name>
		<pose>Unspecified</pose>
		<truncated>0</truncated>
		<difficult>0</difficult>
		<bndbox>
			<xmin>89</xmin>
			<ymin>60</ymin>
			<xmax>182</xmax>
			<ymax>169</ymax>
		</bndbox>
	</object>
	<object>
		<name>airpods</name>
		<pose>Unspecified</pose>
		<truncated>0</truncated>
		<difficult>0</difficult>
		<bndbox>
			<xmin>159</xmin>
			<ymin>41</ymin>
			<xmax>225</xmax>
			<ymax>112</ymax>
		</bndbox>
	</object>
</annotation>
