<annotation>
	<folder>airpods</folder>
	<filename>193.jpg</filename>
	<path>C:\Users\su221\1st Project\sample_img\airpods\193.jpg</path>
	<source>
		<database>Unknown</database>
	</source>
	<size>
		<width>340</width>
		<height>227</height>
		<depth>3</depth>
	</size>
	<segmented>0</segmented>
	<object>
		<name>airpods</name>
		<pose>Unspecified</pose>
		<truncated>0</truncated>
		<difficult>0</difficult>
		<bndbox>
			<xmin>70</xmin>
			<ymin>85</ymin>
			<xmax>148</xmax>
			<ymax>156</ymax>
		</bndbox>
	</object>
	<object>
		<name>airpods</name>
		<pose>Unspecified</pose>
		<truncated>0</truncated>
		<difficult>0</difficult>
		<bndbox>
			<xmin>159</xmin>
			<ymin>94</ymin>
			<xmax>183</xmax>
			<ymax>149</ymax>
		</bndbox>
	</object>
	<object>
		<name>airpods</name>
		<pose>Unspecified</pose>
		<truncated>0</truncated>
		<difficult>0</difficult>
		<bndbox>
			<xmin>181</xmin>
			<ymin>105</ymin>
			<xmax>229</xmax>
			<ymax>149</ymax>
		</bndbox>
	</object>
</annotation>
