<annotation>
	<folder>airpods</folder>
	<filename>57.jpg</filename>
	<path>C:\Users\su221\1st Project\sample_img\airpods\57.jpg</path>
	<source>
		<database>Unknown</database>
	</source>
	<size>
		<width>340</width>
		<height>227</height>
		<depth>3</depth>
	</size>
	<segmented>0</segmented>
	<object>
		<name>airpods</name>
		<pose>Unspecified</pose>
		<truncated>0</truncated>
		<difficult>0</difficult>
		<bndbox>
			<xmin>197</xmin>
			<ymin>140</ymin>
			<xmax>239</xmax>
			<ymax>177</ymax>
		</bndbox>
	</object>
	<object>
		<name>airpods</name>
		<pose>Unspecified</pose>
		<truncated>0</truncated>
		<difficult>0</difficult>
		<bndbox>
			<xmin>237</xmin>
			<ymin>118</ymin>
			<xmax>280</xmax>
			<ymax>154</ymax>
		</bndbox>
	</object>
</annotation>
