<annotation>
	<folder>airpods</folder>
	<filename>51.jpg</filename>
	<path>C:\Users\su221\1st Project\sample_img\airpods\51.jpg</path>
	<source>
		<database>Unknown</database>
	</source>
	<size>
		<width>340</width>
		<height>255</height>
		<depth>3</depth>
	</size>
	<segmented>0</segmented>
	<object>
		<name>airpods</name>
		<pose>Unspecified</pose>
		<truncated>0</truncated>
		<difficult>0</difficult>
		<bndbox>
			<xmin>58</xmin>
			<ymin>103</ymin>
			<xmax>160</xmax>
			<ymax>198</ymax>
		</bndbox>
	</object>
	<object>
		<name>airpods</name>
		<pose>Unspecified</pose>
		<truncated>0</truncated>
		<difficult>0</difficult>
		<bndbox>
			<xmin>188</xmin>
			<ymin>101</ymin>
			<xmax>298</xmax>
			<ymax>197</ymax>
		</bndbox>
	</object>
</annotation>
