<annotation>
	<folder>airpods</folder>
	<filename>142.jpeg</filename>
	<path>C:\Users\su221\1st Project\sample_img\airpods\142.jpeg</path>
	<source>
		<database>Unknown</database>
	</source>
	<size>
		<width>340</width>
		<height>255</height>
		<depth>3</depth>
	</size>
	<segmented>0</segmented>
	<object>
		<name>airpods</name>
		<pose>Unspecified</pose>
		<truncated>0</truncated>
		<difficult>0</difficult>
		<bndbox>
			<xmin>108</xmin>
			<ymin>7</ymin>
			<xmax>257</xmax>
			<ymax>81</ymax>
		</bndbox>
	</object>
	<object>
		<name>airpods</name>
		<pose>Unspecified</pose>
		<truncated>0</truncated>
		<difficult>0</difficult>
		<bndbox>
			<xmin>168</xmin>
			<ymin>132</ymin>
			<xmax>303</xmax>
			<ymax>203</ymax>
		</bndbox>
	</object>
</annotation>
