<annotation>
	<folder>laptop mouse</folder>
	<filename>mouse_176.jpg</filename>
	<path>C:\Users\yangk\Desktop\DL\새 폴더\laptop mouse\mouse_176.jpg</path>
	<source>
		<database>Unknown</database>
	</source>
	<size>
		<width>953</width>
		<height>894</height>
		<depth>3</depth>
	</size>
	<segmented>0</segmented>
	<object>
		<name>mouse</name>
		<pose>Unspecified</pose>
		<truncated>1</truncated>
		<difficult>0</difficult>
		<bndbox>
			<xmin>27</xmin>
			<ymin>9</ymin>
			<xmax>953</xmax>
			<ymax>853</ymax>
		</bndbox>
	</object>
</annotation>
