<annotation>
	<folder>laptop mouse</folder>
	<filename>mouse_179.jpg</filename>
	<path>C:\Users\yangk\Desktop\DL\새 폴더\laptop mouse\mouse_179.jpg</path>
	<source>
		<database>Unknown</database>
	</source>
	<size>
		<width>1033</width>
		<height>1344</height>
		<depth>3</depth>
	</size>
	<segmented>0</segmented>
	<object>
		<name>mouse</name>
		<pose>Unspecified</pose>
		<truncated>1</truncated>
		<difficult>0</difficult>
		<bndbox>
			<xmin>8</xmin>
			<ymin>12</ymin>
			<xmax>867</xmax>
			<ymax>1344</ymax>
		</bndbox>
	</object>
</annotation>
