<annotation>
	<folder>laptop mouse</folder>
	<filename>mouse_346.jpg</filename>
	<path>C:\Users\yangk\Desktop\DL\새 폴더\laptop mouse\mouse_346.jpg</path>
	<source>
		<database>Unknown</database>
	</source>
	<size>
		<width>3180</width>
		<height>2385</height>
		<depth>3</depth>
	</size>
	<segmented>0</segmented>
	<object>
		<name>mouse</name>
		<pose>Unspecified</pose>
		<truncated>0</truncated>
		<difficult>0</difficult>
		<bndbox>
			<xmin>674</xmin>
			<ymin>57</ymin>
			<xmax>2427</xmax>
			<ymax>2335</ymax>
		</bndbox>
	</object>
</annotation>
