<annotation>
	<folder>laptop mouse</folder>
	<filename>mouse_324.jpg</filename>
	<path>C:\Users\yangk\Desktop\DL\새 폴더\laptop mouse\mouse_324.jpg</path>
	<source>
		<database>Unknown</database>
	</source>
	<size>
		<width>500</width>
		<height>527</height>
		<depth>1</depth>
	</size>
	<segmented>0</segmented>
	<object>
		<name>mouse</name>
		<pose>Unspecified</pose>
		<truncated>1</truncated>
		<difficult>0</difficult>
		<bndbox>
			<xmin>99</xmin>
			<ymin>72</ymin>
			<xmax>404</xmax>
			<ymax>527</ymax>
		</bndbox>
	</object>
</annotation>
