<annotation>
	<folder>laptop mouse</folder>
	<filename>mouse_163.jpg</filename>
	<path>C:\Users\yangk\Desktop\DL\새 폴더\laptop mouse\mouse_163.jpg</path>
	<source>
		<database>Unknown</database>
	</source>
	<size>
		<width>3118</width>
		<height>3118</height>
		<depth>3</depth>
	</size>
	<segmented>0</segmented>
	<object>
		<name>mouse</name>
		<pose>Unspecified</pose>
		<truncated>0</truncated>
		<difficult>0</difficult>
		<bndbox>
			<xmin>345</xmin>
			<ymin>638</ymin>
			<xmax>2786</xmax>
			<ymax>2225</ymax>
		</bndbox>
	</object>
</annotation>
