<annotation>
	<folder>laptop mouse</folder>
	<filename>mouse_433.jpg</filename>
	<path>C:\Users\yangk\Desktop\DL\새 폴더\laptop mouse\mouse_433.jpg</path>
	<source>
		<database>Unknown</database>
	</source>
	<size>
		<width>1236</width>
		<height>466</height>
		<depth>3</depth>
	</size>
	<segmented>0</segmented>
	<object>
		<name>mouse</name>
		<pose>Unspecified</pose>
		<truncated>0</truncated>
		<difficult>0</difficult>
		<bndbox>
			<xmin>273</xmin>
			<ymin>146</ymin>
			<xmax>858</xmax>
			<ymax>376</ymax>
		</bndbox>
	</object>
</annotation>
