<annotation>
	<folder>laptop mouse</folder>
	<filename>mouse_415.jpg</filename>
	<path>C:\Users\yangk\Desktop\DL\새 폴더\laptop mouse\mouse_415.jpg</path>
	<source>
		<database>Unknown</database>
	</source>
	<size>
		<width>2392</width>
		<height>1342</height>
		<depth>3</depth>
	</size>
	<segmented>0</segmented>
	<object>
		<name>mouse</name>
		<pose>Unspecified</pose>
		<truncated>0</truncated>
		<difficult>0</difficult>
		<bndbox>
			<xmin>388</xmin>
			<ymin>483</ymin>
			<xmax>1202</xmax>
			<ymax>951</ymax>
		</bndbox>
	</object>
</annotation>
