<annotation>
	<folder>laptop mouse</folder>
	<filename>mouse_339.jpg</filename>
	<path>C:\Users\yangk\Desktop\DL\새 폴더\laptop mouse\mouse_339.jpg</path>
	<source>
		<database>Unknown</database>
	</source>
	<size>
		<width>1070</width>
		<height>458</height>
		<depth>3</depth>
	</size>
	<segmented>0</segmented>
	<object>
		<name>mouse</name>
		<pose>Unspecified</pose>
		<truncated>0</truncated>
		<difficult>0</difficult>
		<bndbox>
			<xmin>275</xmin>
			<ymin>126</ymin>
			<xmax>822</xmax>
			<ymax>385</ymax>
		</bndbox>
	</object>
</annotation>
