<annotation>
	<folder>laptop mouse</folder>
	<filename>mouse_329.jpg</filename>
	<path>C:\Users\yangk\Desktop\DL\새 폴더\laptop mouse\mouse_329.jpg</path>
	<source>
		<database>Unknown</database>
	</source>
	<size>
		<width>853</width>
		<height>1000</height>
		<depth>3</depth>
	</size>
	<segmented>0</segmented>
	<object>
		<name>mouse</name>
		<pose>Unspecified</pose>
		<truncated>1</truncated>
		<difficult>0</difficult>
		<bndbox>
			<xmin>208</xmin>
			<ymin>7</ymin>
			<xmax>850</xmax>
			<ymax>1000</ymax>
		</bndbox>
	</object>
</annotation>
