<annotation>
	<folder>laptop mouse</folder>
	<filename>mouse_387.jpg</filename>
	<path>C:\Users\yangk\Desktop\DL\새 폴더\laptop mouse\mouse_387.jpg</path>
	<source>
		<database>Unknown</database>
	</source>
	<size>
		<width>990</width>
		<height>990</height>
		<depth>3</depth>
	</size>
	<segmented>0</segmented>
	<object>
		<name>mouse</name>
		<pose>Unspecified</pose>
		<truncated>0</truncated>
		<difficult>0</difficult>
		<bndbox>
			<xmin>102</xmin>
			<ymin>64</ymin>
			<xmax>910</xmax>
			<ymax>601</ymax>
		</bndbox>
	</object>
	<object>
		<name>mouse</name>
		<pose>Unspecified</pose>
		<truncated>0</truncated>
		<difficult>0</difficult>
		<bndbox>
			<xmin>35</xmin>
			<ymin>638</ymin>
			<xmax>515</xmax>
			<ymax>953</ymax>
		</bndbox>
	</object>
	<object>
		<name>mouse</name>
		<pose>Unspecified</pose>
		<truncated>1</truncated>
		<difficult>0</difficult>
		<bndbox>
			<xmin>547</xmin>
			<ymin>615</ymin>
			<xmax>990</xmax>
			<ymax>948</ymax>
		</bndbox>
	</object>
</annotation>
