<annotation>
	<folder>laptop mouse</folder>
	<filename>mouse_153.jpg</filename>
	<path>C:\Users\yangk\Desktop\DL\새 폴더\laptop mouse\mouse_153.jpg</path>
	<source>
		<database>Unknown</database>
	</source>
	<size>
		<width>1221</width>
		<height>1450</height>
		<depth>3</depth>
	</size>
	<segmented>0</segmented>
	<object>
		<name>mouse</name>
		<pose>Unspecified</pose>
		<truncated>0</truncated>
		<difficult>0</difficult>
		<bndbox>
			<xmin>5</xmin>
			<ymin>17</ymin>
			<xmax>909</xmax>
			<ymax>1448</ymax>
		</bndbox>
	</object>
</annotation>
