<annotation>
	<folder>laptop mouse</folder>
	<filename>mouse_265.jpg</filename>
	<path>C:\Users\yangk\Desktop\DL\새 폴더\laptop mouse\mouse_265.jpg</path>
	<source>
		<database>Unknown</database>
	</source>
	<size>
		<width>924</width>
		<height>520</height>
		<depth>3</depth>
	</size>
	<segmented>0</segmented>
	<object>
		<name>mouse</name>
		<pose>Unspecified</pose>
		<truncated>0</truncated>
		<difficult>0</difficult>
		<bndbox>
			<xmin>547</xmin>
			<ymin>93</ymin>
			<xmax>818</xmax>
			<ymax>293</ymax>
		</bndbox>
	</object>
</annotation>
