<annotation>
	<folder>laptop mouse</folder>
	<filename>mouse_399.jpg</filename>
	<path>C:\Users\yangk\Desktop\DL\새 폴더\laptop mouse\mouse_399.jpg</path>
	<source>
		<database>Unknown</database>
	</source>
	<size>
		<width>400</width>
		<height>400</height>
		<depth>3</depth>
	</size>
	<segmented>0</segmented>
	<object>
		<name>mouse</name>
		<pose>Unspecified</pose>
		<truncated>0</truncated>
		<difficult>0</difficult>
		<bndbox>
			<xmin>144</xmin>
			<ymin>169</ymin>
			<xmax>379</xmax>
			<ymax>360</ymax>
		</bndbox>
	</object>
</annotation>
