<annotation>
	<folder>laptop mouse</folder>
	<filename>mouse_177.jpg</filename>
	<path>C:\Users\yangk\Desktop\DL\새 폴더\laptop mouse\mouse_177.jpg</path>
	<source>
		<database>Unknown</database>
	</source>
	<size>
		<width>4023</width>
		<height>2264</height>
		<depth>3</depth>
	</size>
	<segmented>0</segmented>
	<object>
		<name>mouse</name>
		<pose>Unspecified</pose>
		<truncated>0</truncated>
		<difficult>0</difficult>
		<bndbox>
			<xmin>404</xmin>
			<ymin>471</ymin>
			<xmax>1929</xmax>
			<ymax>1167</ymax>
		</bndbox>
	</object>
	<object>
		<name>mouse</name>
		<pose>Unspecified</pose>
		<truncated>0</truncated>
		<difficult>0</difficult>
		<bndbox>
			<xmin>1146</xmin>
			<ymin>614</ymin>
			<xmax>2953</xmax>
			<ymax>1469</ymax>
		</bndbox>
	</object>
	<object>
		<name>mouse</name>
		<pose>Unspecified</pose>
		<truncated>0</truncated>
		<difficult>0</difficult>
		<bndbox>
			<xmin>2357</xmin>
			<ymin>309</ymin>
			<xmax>3986</xmax>
			<ymax>1178</ymax>
		</bndbox>
	</object>
</annotation>
