<annotation>
	<folder>laptop mouse</folder>
	<filename>mouse_251.jpeg</filename>
	<path>C:\Users\yangk\Desktop\DL\새 폴더\laptop mouse\mouse_251.jpeg</path>
	<source>
		<database>Unknown</database>
	</source>
	<size>
		<width>450</width>
		<height>450</height>
		<depth>3</depth>
	</size>
	<segmented>0</segmented>
	<object>
		<name>mouse</name>
		<pose>Unspecified</pose>
		<truncated>0</truncated>
		<difficult>0</difficult>
		<bndbox>
			<xmin>46</xmin>
			<ymin>106</ymin>
			<xmax>411</xmax>
			<ymax>324</ymax>
		</bndbox>
	</object>
</annotation>
