<annotation>
	<folder>laptop mouse</folder>
	<filename>mouse_368.jpg</filename>
	<path>C:\Users\yangk\Desktop\DL\새 폴더\laptop mouse\mouse_368.jpg</path>
	<source>
		<database>Unknown</database>
	</source>
	<size>
		<width>722</width>
		<height>722</height>
		<depth>3</depth>
	</size>
	<segmented>0</segmented>
	<object>
		<name>mouse</name>
		<pose>Unspecified</pose>
		<truncated>0</truncated>
		<difficult>0</difficult>
		<bndbox>
			<xmin>9</xmin>
			<ymin>204</ymin>
			<xmax>704</xmax>
			<ymax>498</ymax>
		</bndbox>
	</object>
</annotation>
