<annotation>
	<folder>laptop mouse</folder>
	<filename>mouse_231.jpg</filename>
	<path>C:\Users\yangk\Desktop\DL\새 폴더\laptop mouse\mouse_231.jpg</path>
	<source>
		<database>Unknown</database>
	</source>
	<size>
		<width>4112</width>
		<height>4112</height>
		<depth>3</depth>
	</size>
	<segmented>0</segmented>
	<object>
		<name>mouse</name>
		<pose>Unspecified</pose>
		<truncated>0</truncated>
		<difficult>0</difficult>
		<bndbox>
			<xmin>972</xmin>
			<ymin>448</ymin>
			<xmax>3010</xmax>
			<ymax>3876</ymax>
		</bndbox>
	</object>
</annotation>
