<annotation>
	<folder>pen</folder>
	<filename>165.jpg</filename>
	<path>C:\Users\dongjae\[datacampus]\cumstom_dataset\sample_images\pen\165.jpg</path>
	<source>
		<database>Unknown</database>
	</source>
	<size>
		<width>340</width>
		<height>340</height>
		<depth>3</depth>
	</size>
	<segmented>0</segmented>
	<object>
		<name>pen(pencil)</name>
		<pose>Unspecified</pose>
		<truncated>0</truncated>
		<difficult>0</difficult>
		<bndbox>
			<xmin>154</xmin>
			<ymin>21</ymin>
			<xmax>187</xmax>
			<ymax>319</ymax>
		</bndbox>
	</object>
</annotation>
