<annotation>
	<folder>pen_annotations</folder>
	<filename>11.png</filename>
	<path>C:\Users\dongjae\[datacampus]\cumstom_dataset\sample_imagesannotations\pen_annotations\11.png</path>
	<source>
		<database>Unknown</database>
	</source>
	<size>
		<width>0</width>
		<height>0</height>
		<depth>3</depth>
	</size>
	<segmented>0</segmented>
	<object>
		<name>pen(pencil)</name>
		<pose>Unspecified</pose>
		<truncated>0</truncated>
		<difficult>0</difficult>
		<bndbox>
			<xmin>121</xmin>
			<ymin>16</ymin>
			<xmax>264</xmax>
			<ymax>302</ymax>
		</bndbox>
	</object>
</annotation>
