<annotation>
	<folder>keyboard</folder>
	<filename>204.JPG</filename>
	<path>C:\Users\su221\1st Project\sample_img\keyboard\204.JPG</path>
	<source>
		<database>Unknown</database>
	</source>
	<size>
		<width>340</width>
		<height>255</height>
		<depth>3</depth>
	</size>
	<segmented>0</segmented>
	<object>
		<name>keyboard</name>
		<pose>Unspecified</pose>
		<truncated>0</truncated>
		<difficult>0</difficult>
		<bndbox>
			<xmin>29</xmin>
			<ymin>79</ymin>
			<xmax>324</xmax>
			<ymax>188</ymax>
		</bndbox>
	</object>
	<object>
		<name>keyboard</name>
		<pose>Unspecified</pose>
		<truncated>1</truncated>
		<difficult>0</difficult>
		<bndbox>
			<xmin>91</xmin>
			<ymin>1</ymin>
			<xmax>340</xmax>
			<ymax>70</ymax>
		</bndbox>
	</object>
</annotation>
