<annotation>
	<folder>keyboard</folder>
	<filename>215.jpg</filename>
	<path>C:\Users\su221\1st Project\sample_img\keyboard\215.jpg</path>
	<source>
		<database>Unknown</database>
	</source>
	<size>
		<width>340</width>
		<height>270</height>
		<depth>1</depth>
	</size>
	<segmented>0</segmented>
	<object>
		<name>keyboard</name>
		<pose>Unspecified</pose>
		<truncated>1</truncated>
		<difficult>0</difficult>
		<bndbox>
			<xmin>1</xmin>
			<ymin>5</ymin>
			<xmax>231</xmax>
			<ymax>269</ymax>
		</bndbox>
	</object>
</annotation>
