<annotation>
	<folder>keyboard</folder>
	<filename>220.jpg</filename>
	<path>C:\Users\su221\1st Project\sample_img\keyboard\220.jpg</path>
	<source>
		<database>Unknown</database>
	</source>
	<size>
		<width>340</width>
		<height>165</height>
		<depth>3</depth>
	</size>
	<segmented>0</segmented>
	<object>
		<name>keyboard</name>
		<pose>Unspecified</pose>
		<truncated>0</truncated>
		<difficult>0</difficult>
		<bndbox>
			<xmin>36</xmin>
			<ymin>8</ymin>
			<xmax>269</xmax>
			<ymax>59</ymax>
		</bndbox>
	</object>
	<object>
		<name>keyboard</name>
		<pose>Unspecified</pose>
		<truncated>0</truncated>
		<difficult>0</difficult>
		<bndbox>
			<xmin>14</xmin>
			<ymin>53</ymin>
			<xmax>310</xmax>
			<ymax>115</ymax>
		</bndbox>
	</object>
</annotation>
