<annotation>
	<folder>keyboard</folder>
	<filename>274.jpg</filename>
	<path>C:\Users\su221\1st Project\sample_img\keyboard\274.jpg</path>
	<source>
		<database>Unknown</database>
	</source>
	<size>
		<width>340</width>
		<height>165</height>
		<depth>3</depth>
	</size>
	<segmented>0</segmented>
	<object>
		<name>keyboard</name>
		<pose>Unspecified</pose>
		<truncated>0</truncated>
		<difficult>0</difficult>
		<bndbox>
			<xmin>12</xmin>
			<ymin>31</ymin>
			<xmax>331</xmax>
			<ymax>137</ymax>
		</bndbox>
	</object>
</annotation>
