<annotation>
	<folder>keyboard</folder>
	<filename>280.jpg</filename>
	<path>C:\Users\su221\1st Project\sample_img\keyboard\280.jpg</path>
	<source>
		<database>Unknown</database>
	</source>
	<size>
		<width>340</width>
		<height>191</height>
		<depth>3</depth>
	</size>
	<segmented>0</segmented>
	<object>
		<name>keyboard</name>
		<pose>Unspecified</pose>
		<truncated>0</truncated>
		<difficult>0</difficult>
		<bndbox>
			<xmin>71</xmin>
			<ymin>88</ymin>
			<xmax>272</xmax>
			<ymax>181</ymax>
		</bndbox>
	</object>
	<object>
		<name>keyboard</name>
		<pose>Unspecified</pose>
		<truncated>0</truncated>
		<difficult>0</difficult>
		<bndbox>
			<xmin>79</xmin>
			<ymin>3</ymin>
			<xmax>263</xmax>
			<ymax>91</ymax>
		</bndbox>
	</object>
</annotation>
