<annotation>
	<folder>keyboard</folder>
	<filename>314.jpg</filename>
	<path>C:\Users\su221\1st Project\sample_img\keyboard\314.jpg</path>
	<source>
		<database>Unknown</database>
	</source>
	<size>
		<width>340</width>
		<height>227</height>
		<depth>3</depth>
	</size>
	<segmented>0</segmented>
	<object>
		<name>keyboard</name>
		<pose>Unspecified</pose>
		<truncated>0</truncated>
		<difficult>0</difficult>
		<bndbox>
			<xmin>114</xmin>
			<ymin>110</ymin>
			<xmax>303</xmax>
			<ymax>178</ymax>
		</bndbox>
	</object>
</annotation>
