<annotation>
	<folder>keyboard</folder>
	<filename>323.jpeg</filename>
	<path>C:\Users\su221\1st Project\sample_img\keyboard\323.jpeg</path>
	<source>
		<database>Unknown</database>
	</source>
	<size>
		<width>340</width>
		<height>192</height>
		<depth>3</depth>
	</size>
	<segmented>0</segmented>
	<object>
		<name>keyboard</name>
		<pose>Unspecified</pose>
		<truncated>0</truncated>
		<difficult>0</difficult>
		<bndbox>
			<xmin>186</xmin>
			<ymin>50</ymin>
			<xmax>293</xmax>
			<ymax>162</ymax>
		</bndbox>
	</object>
</annotation>
