<annotation>
	<folder>keyboard</folder>
	<filename>331.jpg</filename>
	<path>C:\Users\su221\1st Project\sample_img\keyboard\331.jpg</path>
	<source>
		<database>Unknown</database>
	</source>
	<size>
		<width>340</width>
		<height>255</height>
		<depth>1</depth>
	</size>
	<segmented>0</segmented>
	<object>
		<name>keyboard</name>
		<pose>Unspecified</pose>
		<truncated>0</truncated>
		<difficult>0</difficult>
		<bndbox>
			<xmin>22</xmin>
			<ymin>152</ymin>
			<xmax>314</xmax>
			<ymax>224</ymax>
		</bndbox>
	</object>
</annotation>
