<annotation>
	<folder>pencil_case</folder>
	<filename>125.jpg</filename>
	<path>C:\Users\yangk\Desktop\DL\data\pencil_case\125.jpg</path>
	<source>
		<database>Unknown</database>
	</source>
	<size>
		<width>340</width>
		<height>333</height>
		<depth>3</depth>
	</size>
	<segmented>0</segmented>
	<object>
		<name>pencilcase</name>
		<pose>Unspecified</pose>
		<truncated>0</truncated>
		<difficult>0</difficult>
		<bndbox>
			<xmin>38</xmin>
			<ymin>96</ymin>
			<xmax>107</xmax>
			<ymax>288</ymax>
		</bndbox>
	</object>
	<object>
		<name>pencilcase</name>
		<pose>Unspecified</pose>
		<truncated>0</truncated>
		<difficult>0</difficult>
		<bndbox>
			<xmin>120</xmin>
			<ymin>74</ymin>
			<xmax>205</xmax>
			<ymax>292</ymax>
		</bndbox>
	</object>
	<object>
		<name>pencilcase</name>
		<pose>Unspecified</pose>
		<truncated>0</truncated>
		<difficult>0</difficult>
		<bndbox>
			<xmin>203</xmin>
			<ymin>44</ymin>
			<xmax>310</xmax>
			<ymax>299</ymax>
		</bndbox>
	</object>
</annotation>
