<annotation>
	<folder>pencil_case</folder>
	<filename>15.jpg</filename>
	<path>C:\Users\yangk\Desktop\DL\data\pencil_case\15.jpg</path>
	<source>
		<database>Unknown</database>
	</source>
	<size>
		<width>0</width>
		<height>0</height>
		<depth>3</depth>
	</size>
	<segmented>0</segmented>
	<object>
		<name>pencilcase</name>
		<pose>Unspecified</pose>
		<truncated>0</truncated>
		<difficult>0</difficult>
		<bndbox>
			<xmin>13</xmin>
			<ymin>82</ymin>
			<xmax>236</xmax>
			<ymax>146</ymax>
		</bndbox>
	</object>
	<object>
		<name>pencilcase</name>
		<pose>Unspecified</pose>
		<truncated>0</truncated>
		<difficult>0</difficult>
		<bndbox>
			<xmin>15</xmin>
			<ymin>251</ymin>
			<xmax>253</xmax>
			<ymax>324</ymax>
		</bndbox>
	</object>
	<object>
		<name>pencilcase</name>
		<pose>Unspecified</pose>
		<truncated>0</truncated>
		<difficult>0</difficult>
		<bndbox>
			<xmin>9</xmin>
			<ymin>434</ymin>
			<xmax>245</xmax>
			<ymax>507</ymax>
		</bndbox>
	</object>
</annotation>
