<annotation>
	<folder>pencil_case</folder>
	<filename>157.jpg</filename>
	<path>C:\Users\yangk\Desktop\DL\data\pencil_case\157.jpg</path>
	<source>
		<database>Unknown</database>
	</source>
	<size>
		<width>340</width>
		<height>340</height>
		<depth>3</depth>
	</size>
	<segmented>0</segmented>
	<object>
		<name>pencilcase</name>
		<pose>Unspecified</pose>
		<truncated>0</truncated>
		<difficult>0</difficult>
		<bndbox>
			<xmin>2</xmin>
			<ymin>44</ymin>
			<xmax>332</xmax>
			<ymax>314</ymax>
		</bndbox>
	</object>
</annotation>
