<annotation>
	<folder>pencil_case</folder>
	<filename>16.jpg</filename>
	<path>C:\Users\yangk\Desktop\DL\data\pencil_case\16.jpg</path>
	<source>
		<database>Unknown</database>
	</source>
	<size>
		<width>340</width>
		<height>439</height>
		<depth>3</depth>
	</size>
	<segmented>0</segmented>
	<object>
		<name>pencilcase</name>
		<pose>Unspecified</pose>
		<truncated>1</truncated>
		<difficult>0</difficult>
		<bndbox>
			<xmin>1</xmin>
			<ymin>258</ymin>
			<xmax>209</xmax>
			<ymax>391</ymax>
		</bndbox>
	</object>
</annotation>
