<annotation>
	<folder>pencil_case</folder>
	<filename>77.JPG</filename>
	<path>C:\Users\yangk\Desktop\DL\data\pencil_case\77.JPG</path>
	<source>
		<database>Unknown</database>
	</source>
	<size>
		<width>340</width>
		<height>255</height>
		<depth>3</depth>
	</size>
	<segmented>0</segmented>
	<object>
		<name>pencilcase</name>
		<pose>Unspecified</pose>
		<truncated>0</truncated>
		<difficult>0</difficult>
		<bndbox>
			<xmin>26</xmin>
			<ymin>19</ymin>
			<xmax>328</xmax>
			<ymax>198</ymax>
		</bndbox>
	</object>
</annotation>
