<annotation>
	<folder>pencil_case</folder>
	<filename>25.jpg</filename>
	<path>C:\Users\yangk\Desktop\DL\data\pencil_case\25.jpg</path>
	<source>
		<database>Unknown</database>
	</source>
	<size>
		<width>0</width>
		<height>0</height>
		<depth>3</depth>
	</size>
	<segmented>0</segmented>
	<object>
		<name>pencilcase</name>
		<pose>Unspecified</pose>
		<truncated>0</truncated>
		<difficult>0</difficult>
		<bndbox>
			<xmin>42</xmin>
			<ymin>103</ymin>
			<xmax>340</xmax>
			<ymax>493</ymax>
		</bndbox>
	</object>
</annotation>
