<annotation>
	<folder>pencil_case</folder>
	<filename>106.jpg</filename>
	<path>C:\Users\yangk\Desktop\DL\data\pencil_case\106.jpg</path>
	<source>
		<database>Unknown</database>
	</source>
	<size>
		<width>340</width>
		<height>204</height>
		<depth>3</depth>
	</size>
	<segmented>0</segmented>
	<object>
		<name>pencilcase</name>
		<pose>Unspecified</pose>
		<truncated>0</truncated>
		<difficult>0</difficult>
		<bndbox>
			<xmin>27</xmin>
			<ymin>24</ymin>
			<xmax>320</xmax>
			<ymax>164</ymax>
		</bndbox>
	</object>
</annotation>
