<annotation>
	<folder>pencil_case</folder>
	<filename>24.jpg</filename>
	<path>C:\Users\yangk\Desktop\DL\data\pencil_case\24.jpg</path>
	<source>
		<database>Unknown</database>
	</source>
	<size>
		<width>340</width>
		<height>255</height>
		<depth>3</depth>
	</size>
	<segmented>0</segmented>
	<object>
		<name>pencilcase</name>
		<pose>Unspecified</pose>
		<truncated>0</truncated>
		<difficult>0</difficult>
		<bndbox>
			<xmin>14</xmin>
			<ymin>41</ymin>
			<xmax>315</xmax>
			<ymax>188</ymax>
		</bndbox>
	</object>
</annotation>
