<annotation>
	<folder>pencil_case</folder>
	<filename>108.jpg</filename>
	<path>C:\Users\yangk\Desktop\DL\data\pencil_case\108.jpg</path>
	<source>
		<database>Unknown</database>
	</source>
	<size>
		<width>340</width>
		<height>226</height>
		<depth>3</depth>
	</size>
	<segmented>0</segmented>
	<object>
		<name>pencilcase</name>
		<pose>Unspecified</pose>
		<truncated>1</truncated>
		<difficult>0</difficult>
		<bndbox>
			<xmin>21</xmin>
			<ymin>21</ymin>
			<xmax>330</xmax>
			<ymax>226</ymax>
		</bndbox>
	</object>
</annotation>
