<annotation>
	<folder>pencil_case</folder>
	<filename>152.jpg</filename>
	<path>C:\Users\yangk\Desktop\DL\data\pencil_case\152.jpg</path>
	<source>
		<database>Unknown</database>
	</source>
	<size>
		<width>340</width>
		<height>255</height>
		<depth>3</depth>
	</size>
	<segmented>0</segmented>
	<object>
		<name>pencilcase</name>
		<pose>Unspecified</pose>
		<truncated>1</truncated>
		<difficult>0</difficult>
		<bndbox>
			<xmin>124</xmin>
			<ymin>7</ymin>
			<xmax>337</xmax>
			<ymax>255</ymax>
		</bndbox>
	</object>
</annotation>
