<annotation>
	<folder>pencil_case</folder>
	<filename>101.JPG</filename>
	<path>C:\Users\yangk\Desktop\DL\data\pencil_case\101.JPG</path>
	<source>
		<database>Unknown</database>
	</source>
	<size>
		<width>340</width>
		<height>230</height>
		<depth>3</depth>
	</size>
	<segmented>0</segmented>
	<object>
		<name>pencilcase</name>
		<pose>Unspecified</pose>
		<truncated>0</truncated>
		<difficult>0</difficult>
		<bndbox>
			<xmin>2</xmin>
			<ymin>13</ymin>
			<xmax>223</xmax>
			<ymax>209</ymax>
		</bndbox>
	</object>
</annotation>
