<annotation>
	<folder>pencil_case</folder>
	<filename>23.PNG</filename>
	<path>C:\Users\yangk\Desktop\DL\data\pencil_case\23.PNG</path>
	<source>
		<database>Unknown</database>
	</source>
	<size>
		<width>0</width>
		<height>0</height>
		<depth>3</depth>
	</size>
	<segmented>0</segmented>
	<object>
		<name>pencilcase</name>
		<pose>Unspecified</pose>
		<truncated>0</truncated>
		<difficult>0</difficult>
		<bndbox>
			<xmin>20</xmin>
			<ymin>114</ymin>
			<xmax>235</xmax>
			<ymax>239</ymax>
		</bndbox>
	</object>
</annotation>
