<annotation>
	<folder>pencil_case</folder>
	<filename>119.JPG</filename>
	<path>C:\Users\yangk\Desktop\DL\data\pencil_case\119.JPG</path>
	<source>
		<database>Unknown</database>
	</source>
	<size>
		<width>340</width>
		<height>165</height>
		<depth>3</depth>
	</size>
	<segmented>0</segmented>
	<object>
		<name>pencilcase</name>
		<pose>Unspecified</pose>
		<truncated>1</truncated>
		<difficult>0</difficult>
		<bndbox>
			<xmin>53</xmin>
			<ymin>87</ymin>
			<xmax>244</xmax>
			<ymax>165</ymax>
		</bndbox>
	</object>
</annotation>
