<annotation>
	<folder>pencil_case</folder>
	<filename>109.JPG</filename>
	<path>C:\Users\yangk\Desktop\DL\data\pencil_case\109.JPG</path>
	<source>
		<database>Unknown</database>
	</source>
	<size>
		<width>340</width>
		<height>230</height>
		<depth>3</depth>
	</size>
	<segmented>0</segmented>
	<object>
		<name>pencilcase</name>
		<pose>Unspecified</pose>
		<truncated>0</truncated>
		<difficult>0</difficult>
		<bndbox>
			<xmin>15</xmin>
			<ymin>31</ymin>
			<xmax>335</xmax>
			<ymax>215</ymax>
		</bndbox>
	</object>
</annotation>
