<annotation>
	<folder>pencil_case</folder>
	<filename>161.jpg</filename>
	<path>C:\Users\yangk\Desktop\DL\data\pencil_case\161.jpg</path>
	<source>
		<database>Unknown</database>
	</source>
	<size>
		<width>340</width>
		<height>191</height>
		<depth>3</depth>
	</size>
	<segmented>0</segmented>
	<object>
		<name>pencilcase</name>
		<pose>Unspecified</pose>
		<truncated>0</truncated>
		<difficult>0</difficult>
		<bndbox>
			<xmin>63</xmin>
			<ymin>6</ymin>
			<xmax>273</xmax>
			<ymax>187</ymax>
		</bndbox>
	</object>
</annotation>
