<annotation>
	<folder>pencil_case</folder>
	<filename>11.jpg</filename>
	<path>C:\Users\yangk\Desktop\DL\data\pencil_case\11.jpg</path>
	<source>
		<database>Unknown</database>
	</source>
	<size>
		<width>340</width>
		<height>340</height>
		<depth>3</depth>
	</size>
	<segmented>0</segmented>
	<object>
		<name>pencilcase</name>
		<pose>Unspecified</pose>
		<truncated>0</truncated>
		<difficult>0</difficult>
		<bndbox>
			<xmin>77</xmin>
			<ymin>12</ymin>
			<xmax>338</xmax>
			<ymax>211</ymax>
		</bndbox>
	</object>
	<object>
		<name>pencilcase</name>
		<pose>Unspecified</pose>
		<truncated>0</truncated>
		<difficult>0</difficult>
		<bndbox>
			<xmin>4</xmin>
			<ymin>116</ymin>
			<xmax>269</xmax>
			<ymax>329</ymax>
		</bndbox>
	</object>
</annotation>
