<annotation>
	<folder>pencil_case</folder>
	<filename>115.JPG</filename>
	<path>C:\Users\yangk\Desktop\DL\data\pencil_case\115.JPG</path>
	<source>
		<database>Unknown</database>
	</source>
	<size>
		<width>340</width>
		<height>226</height>
		<depth>3</depth>
	</size>
	<segmented>0</segmented>
	<object>
		<name>pencilcase</name>
		<pose>Unspecified</pose>
		<truncated>0</truncated>
		<difficult>0</difficult>
		<bndbox>
			<xmin>3</xmin>
			<ymin>53</ymin>
			<xmax>260</xmax>
			<ymax>145</ymax>
		</bndbox>
	</object>
	<object>
		<name>pencilcase</name>
		<pose>Unspecified</pose>
		<truncated>0</truncated>
		<difficult>0</difficult>
		<bndbox>
			<xmin>88</xmin>
			<ymin>102</ymin>
			<xmax>333</xmax>
			<ymax>186</ymax>
		</bndbox>
	</object>
</annotation>
