<annotation>
	<folder>pencil_case</folder>
	<filename>43.jpeg</filename>
	<path>C:\Users\yangk\Desktop\DL\data\pencil_case\43.jpeg</path>
	<source>
		<database>Unknown</database>
	</source>
	<size>
		<width>340</width>
		<height>340</height>
		<depth>3</depth>
	</size>
	<segmented>0</segmented>
	<object>
		<name>pencilcase</name>
		<pose>Unspecified</pose>
		<truncated>0</truncated>
		<difficult>0</difficult>
		<bndbox>
			<xmin>16</xmin>
			<ymin>11</ymin>
			<xmax>304</xmax>
			<ymax>339</ymax>
		</bndbox>
	</object>
</annotation>
