<annotation>
	<folder>keyboard</folder>
	<filename>241.jpg</filename>
	<path>C:\Users\su221\1st Project\sample_img\keyboard\241.jpg</path>
	<source>
		<database>Unknown</database>
	</source>
	<size>
		<width>340</width>
		<height>227</height>
		<depth>3</depth>
	</size>
	<segmented>0</segmented>
	<object>
		<name>keyboard</name>
		<pose>Unspecified</pose>
		<truncated>1</truncated>
		<difficult>0</difficult>
		<bndbox>
			<xmin>14</xmin>
			<ymin>1</ymin>
			<xmax>332</xmax>
			<ymax>169</ymax>
		</bndbox>
	</object>
</annotation>
