<annotation>
	<folder>keyboard</folder>
	<filename>147.jpg</filename>
	<path>C:\Users\su221\1st Project\sample_img\keyboard\147.jpg</path>
	<source>
		<database>Unknown</database>
	</source>
	<size>
		<width>340</width>
		<height>191</height>
		<depth>3</depth>
	</size>
	<segmented>0</segmented>
	<object>
		<name>keyboard</name>
		<pose>Unspecified</pose>
		<truncated>0</truncated>
		<difficult>0</difficult>
		<bndbox>
			<xmin>9</xmin>
			<ymin>44</ymin>
			<xmax>321</xmax>
			<ymax>144</ymax>
		</bndbox>
	</object>
</annotation>
