<annotation>
	<folder>keyboard</folder>
	<filename>179.JPEG</filename>
	<path>C:\Users\su221\1st Project\sample_img\keyboard\179.JPEG</path>
	<source>
		<database>Unknown</database>
	</source>
	<size>
		<width>340</width>
		<height>255</height>
		<depth>3</depth>
	</size>
	<segmented>0</segmented>
	<object>
		<name>keyboard</name>
		<pose>Unspecified</pose>
		<truncated>0</truncated>
		<difficult>0</difficult>
		<bndbox>
			<xmin>30</xmin>
			<ymin>31</ymin>
			<xmax>330</xmax>
			<ymax>226</ymax>
		</bndbox>
	</object>
</annotation>
