<annotation>
	<folder>keyboard</folder>
	<filename>318.JPG</filename>
	<path>C:\Users\su221\1st Project\sample_img\keyboard\318.JPG</path>
	<source>
		<database>Unknown</database>
	</source>
	<size>
		<width>340</width>
		<height>243</height>
		<depth>3</depth>
	</size>
	<segmented>0</segmented>
	<object>
		<name>keyboard</name>
		<pose>Unspecified</pose>
		<truncated>0</truncated>
		<difficult>0</difficult>
		<bndbox>
			<xmin>2</xmin>
			<ymin>65</ymin>
			<xmax>288</xmax>
			<ymax>196</ymax>
		</bndbox>
	</object>
</annotation>
