<annotation>
	<folder>keyboard</folder>
	<filename>150.png</filename>
	<path>C:\Users\su221\1st Project\sample_img\keyboard\150.png</path>
	<source>
		<database>Unknown</database>
	</source>
	<size>
		<width>0</width>
		<height>0</height>
		<depth>3</depth>
	</size>
	<segmented>0</segmented>
	<object>
		<name>keyboard</name>
		<pose>Unspecified</pose>
		<truncated>0</truncated>
		<difficult>0</difficult>
		<bndbox>
			<xmin>41</xmin>
			<ymin>7</ymin>
			<xmax>239</xmax>
			<ymax>97</ymax>
		</bndbox>
	</object>
	<object>
		<name>keyboard</name>
		<pose>Unspecified</pose>
		<truncated>0</truncated>
		<difficult>0</difficult>
		<bndbox>
			<xmin>103</xmin>
			<ymin>105</ymin>
			<xmax>301</xmax>
			<ymax>195</ymax>
		</bndbox>
	</object>
</annotation>
