<annotation>
	<folder>keyboard</folder>
	<filename>93.jpg</filename>
	<path>C:\Users\su221\1st Project\sample_img\keyboard\93.jpg</path>
	<source>
		<database>Unknown</database>
	</source>
	<size>
		<width>340</width>
		<height>272</height>
		<depth>3</depth>
	</size>
	<segmented>0</segmented>
	<object>
		<name>keyboard</name>
		<pose>Unspecified</pose>
		<truncated>0</truncated>
		<difficult>0</difficult>
		<bndbox>
			<xmin>14</xmin>
			<ymin>83</ymin>
			<xmax>330</xmax>
			<ymax>193</ymax>
		</bndbox>
	</object>
</annotation>
