<annotation>
	<folder>keyboard</folder>
	<filename>319.jpg</filename>
	<path>C:\Users\su221\1st Project\sample_img\keyboard\319.jpg</path>
	<source>
		<database>Unknown</database>
	</source>
	<size>
		<width>340</width>
		<height>255</height>
		<depth>3</depth>
	</size>
	<segmented>0</segmented>
	<object>
		<name>keyboard</name>
		<pose>Unspecified</pose>
		<truncated>1</truncated>
		<difficult>0</difficult>
		<bndbox>
			<xmin>1</xmin>
			<ymin>4</ymin>
			<xmax>339</xmax>
			<ymax>251</ymax>
		</bndbox>
	</object>
</annotation>
