<annotation>
	<folder>keyboard</folder>
	<filename>279.jpg</filename>
	<path>C:\Users\su221\1st Project\sample_img\keyboard\279.jpg</path>
	<source>
		<database>Unknown</database>
	</source>
	<size>
		<width>340</width>
		<height>165</height>
		<depth>3</depth>
	</size>
	<segmented>0</segmented>
	<object>
		<name>keyboard</name>
		<pose>Unspecified</pose>
		<truncated>0</truncated>
		<difficult>0</difficult>
		<bndbox>
			<xmin>31</xmin>
			<ymin>5</ymin>
			<xmax>280</xmax>
			<ymax>79</ymax>
		</bndbox>
	</object>
	<object>
		<name>keyboard</name>
		<pose>Unspecified</pose>
		<truncated>0</truncated>
		<difficult>0</difficult>
		<bndbox>
			<xmin>24</xmin>
			<ymin>79</ymin>
			<xmax>267</xmax>
			<ymax>158</ymax>
		</bndbox>
	</object>
</annotation>
