<annotation>
	<folder>mouse</folder>
	<filename>105.jpg</filename>
	<path>C:\Users\yangk\Desktop\DL\data\mouse\105.jpg</path>
	<source>
		<database>Unknown</database>
	</source>
	<size>
		<width>340</width>
		<height>227</height>
		<depth>3</depth>
	</size>
	<segmented>0</segmented>
	<object>
		<name>mouse</name>
		<pose>Unspecified</pose>
		<truncated>0</truncated>
		<difficult>0</difficult>
		<bndbox>
			<xmin>125</xmin>
			<ymin>90</ymin>
			<xmax>237</xmax>
			<ymax>187</ymax>
		</bndbox>
	</object>
</annotation>
