<annotation>
	<folder>mouse</folder>
	<filename>12.jpg</filename>
	<path>C:\Users\yangk\Desktop\DL\data\mouse\12.jpg</path>
	<source>
		<database>Unknown</database>
	</source>
	<size>
		<width>340</width>
		<height>255</height>
		<depth>3</depth>
	</size>
	<segmented>0</segmented>
	<object>
		<name>mouse</name>
		<pose>Unspecified</pose>
		<truncated>0</truncated>
		<difficult>0</difficult>
		<bndbox>
			<xmin>19</xmin>
			<ymin>34</ymin>
			<xmax>178</xmax>
			<ymax>225</ymax>
		</bndbox>
	</object>
	<object>
		<name>mouse</name>
		<pose>Unspecified</pose>
		<truncated>0</truncated>
		<difficult>0</difficult>
		<bndbox>
			<xmin>138</xmin>
			<ymin>15</ymin>
			<xmax>316</xmax>
			<ymax>234</ymax>
		</bndbox>
	</object>
</annotation>
