<annotation>
	<folder>mouse</folder>
	<filename>155.jpg</filename>
	<path>C:\Users\yangk\Desktop\DL\data\mouse\155.jpg</path>
	<source>
		<database>Unknown</database>
	</source>
	<size>
		<width>340</width>
		<height>165</height>
		<depth>3</depth>
	</size>
	<segmented>0</segmented>
	<object>
		<name>mouse</name>
		<pose>Unspecified</pose>
		<truncated>0</truncated>
		<difficult>0</difficult>
		<bndbox>
			<xmin>64</xmin>
			<ymin>4</ymin>
			<xmax>182</xmax>
			<ymax>62</ymax>
		</bndbox>
	</object>
	<object>
		<name>mouse</name>
		<pose>Unspecified</pose>
		<truncated>0</truncated>
		<difficult>0</difficult>
		<bndbox>
			<xmin>184</xmin>
			<ymin>23</ymin>
			<xmax>332</xmax>
			<ymax>118</ymax>
		</bndbox>
	</object>
	<object>
		<name>mouse</name>
		<pose>Unspecified</pose>
		<truncated>1</truncated>
		<difficult>0</difficult>
		<bndbox>
			<xmin>41</xmin>
			<ymin>46</ymin>
			<xmax>255</xmax>
			<ymax>165</ymax>
		</bndbox>
	</object>
</annotation>
