<annotation>
	<folder>mouse</folder>
	<filename>196.jpg</filename>
	<path>C:\Users\yangk\Desktop\DL\data\mouse\196.jpg</path>
	<source>
		<database>Unknown</database>
	</source>
	<size>
		<width>340</width>
		<height>255</height>
		<depth>3</depth>
	</size>
	<segmented>0</segmented>
	<object>
		<name>mouse</name>
		<pose>Unspecified</pose>
		<truncated>1</truncated>
		<difficult>0</difficult>
		<bndbox>
			<xmin>22</xmin>
			<ymin>5</ymin>
			<xmax>299</xmax>
			<ymax>255</ymax>
		</bndbox>
	</object>
</annotation>
