<annotation>
	<folder>mouse</folder>
	<filename>26.jpg</filename>
	<path>C:\Users\yangk\Desktop\DL\data\mouse\26.jpg</path>
	<source>
		<database>Unknown</database>
	</source>
	<size>
		<width>340</width>
		<height>255</height>
		<depth>3</depth>
	</size>
	<segmented>0</segmented>
	<object>
		<name>mouse</name>
		<pose>Unspecified</pose>
		<truncated>0</truncated>
		<difficult>0</difficult>
		<bndbox>
			<xmin>19</xmin>
			<ymin>48</ymin>
			<xmax>185</xmax>
			<ymax>228</ymax>
		</bndbox>
	</object>
	<object>
		<name>mouse</name>
		<pose>Unspecified</pose>
		<truncated>0</truncated>
		<difficult>0</difficult>
		<bndbox>
			<xmin>141</xmin>
			<ymin>20</ymin>
			<xmax>316</xmax>
			<ymax>236</ymax>
		</bndbox>
	</object>
</annotation>
