<annotation>
	<folder>mouse</folder>
	<filename>34.jpg</filename>
	<path>C:\Users\yangk\Desktop\DL\data\mouse\34.jpg</path>
	<source>
		<database>Unknown</database>
	</source>
	<size>
		<width>340</width>
		<height>255</height>
		<depth>3</depth>
	</size>
	<segmented>0</segmented>
	<object>
		<name>mouse</name>
		<pose>Unspecified</pose>
		<truncated>0</truncated>
		<difficult>0</difficult>
		<bndbox>
			<xmin>23</xmin>
			<ymin>26</ymin>
			<xmax>177</xmax>
			<ymax>226</ymax>
		</bndbox>
	</object>
	<object>
		<name>mouse</name>
		<pose>Unspecified</pose>
		<truncated>0</truncated>
		<difficult>0</difficult>
		<bndbox>
			<xmin>163</xmin>
			<ymin>12</ymin>
			<xmax>306</xmax>
			<ymax>233</ymax>
		</bndbox>
	</object>
</annotation>
