<annotation>
	<folder>mouse</folder>
	<filename>52.jpg</filename>
	<path>C:\Users\yangk\Desktop\DL\data\mouse\52.jpg</path>
	<source>
		<database>Unknown</database>
	</source>
	<size>
		<width>0</width>
		<height>0</height>
		<depth>3</depth>
	</size>
	<segmented>0</segmented>
	<object>
		<name>mouse</name>
		<pose>Unspecified</pose>
		<truncated>0</truncated>
		<difficult>0</difficult>
		<bndbox>
			<xmin>47</xmin>
			<ymin>153</ymin>
			<xmax>284</xmax>
			<ymax>520</ymax>
		</bndbox>
	</object>
</annotation>
