<annotation>
	<folder>mouse</folder>
	<filename>60.jpg</filename>
	<path>C:\Users\yangk\Desktop\DL\data\mouse\60.jpg</path>
	<source>
		<database>Unknown</database>
	</source>
	<size>
		<width>340</width>
		<height>453</height>
		<depth>3</depth>
	</size>
	<segmented>0</segmented>
	<object>
		<name>mouse</name>
		<pose>Unspecified</pose>
		<truncated>0</truncated>
		<difficult>0</difficult>
		<bndbox>
			<xmin>80</xmin>
			<ymin>15</ymin>
			<xmax>337</xmax>
			<ymax>295</ymax>
		</bndbox>
	</object>
</annotation>
