<annotation>
	<folder>mouse</folder>
	<filename>8.jpg</filename>
	<path>C:\Users\yangk\Desktop\DL\data\mouse\8.jpg</path>
	<source>
		<database>Unknown</database>
	</source>
	<size>
		<width>340</width>
		<height>255</height>
		<depth>3</depth>
	</size>
	<segmented>0</segmented>
	<object>
		<name>mouse</name>
		<pose>Unspecified</pose>
		<truncated>0</truncated>
		<difficult>0</difficult>
		<bndbox>
			<xmin>25</xmin>
			<ymin>40</ymin>
			<xmax>162</xmax>
			<ymax>224</ymax>
		</bndbox>
	</object>
	<object>
		<name>mouse</name>
		<pose>Unspecified</pose>
		<truncated>0</truncated>
		<difficult>0</difficult>
		<bndbox>
			<xmin>179</xmin>
			<ymin>21</ymin>
			<xmax>326</xmax>
			<ymax>239</ymax>
		</bndbox>
	</object>
</annotation>
