<annotation>
	<folder>mouse</folder>
	<filename>82.JPG</filename>
	<path>C:\Users\yangk\Desktop\DL\data\mouse\82.JPG</path>
	<source>
		<database>Unknown</database>
	</source>
	<size>
		<width>340</width>
		<height>255</height>
		<depth>3</depth>
	</size>
	<segmented>0</segmented>
	<object>
		<name>mouse</name>
		<pose>Unspecified</pose>
		<truncated>0</truncated>
		<difficult>0</difficult>
		<bndbox>
			<xmin>76</xmin>
			<ymin>53</ymin>
			<xmax>259</xmax>
			<ymax>203</ymax>
		</bndbox>
	</object>
</annotation>
