<annotation>
	<folder>mouse</folder>
	<filename>92.jpg</filename>
	<path>C:\Users\yangk\Desktop\DL\data\mouse\92.jpg</path>
	<source>
		<database>Unknown</database>
	</source>
	<size>
		<width>340</width>
		<height>192</height>
		<depth>3</depth>
	</size>
	<segmented>0</segmented>
	<object>
		<name>mouse</name>
		<pose>Unspecified</pose>
		<truncated>0</truncated>
		<difficult>0</difficult>
		<bndbox>
			<xmin>55</xmin>
			<ymin>38</ymin>
			<xmax>163</xmax>
			<ymax>167</ymax>
		</bndbox>
	</object>
	<object>
		<name>mouse</name>
		<pose>Unspecified</pose>
		<truncated>0</truncated>
		<difficult>0</difficult>
		<bndbox>
			<xmin>180</xmin>
			<ymin>43</ymin>
			<xmax>298</xmax>
			<ymax>170</ymax>
		</bndbox>
	</object>
</annotation>
