<annotation>
	<folder>mouse</folder>
	<filename>14.jpg</filename>
	<path>C:\Users\yangk\Desktop\DL\data\mouse\14.jpg</path>
	<source>
		<database>Unknown</database>
	</source>
	<size>
		<width>340</width>
		<height>157</height>
		<depth>3</depth>
	</size>
	<segmented>0</segmented>
	<object>
		<name>mouse</name>
		<pose>Unspecified</pose>
		<truncated>0</truncated>
		<difficult>0</difficult>
		<bndbox>
			<xmin>72</xmin>
			<ymin>18</ymin>
			<xmax>227</xmax>
			<ymax>92</ymax>
		</bndbox>
	</object>
</annotation>
