<annotation>
	<folder>mouse</folder>
	<filename>100.jpg</filename>
	<path>C:\Users\yangk\Desktop\DL\data\mouse\100.jpg</path>
	<source>
		<database>Unknown</database>
	</source>
	<size>
		<width>340</width>
		<height>207</height>
		<depth>3</depth>
	</size>
	<segmented>0</segmented>
	<object>
		<name>mouse</name>
		<pose>Unspecified</pose>
		<truncated>0</truncated>
		<difficult>0</difficult>
		<bndbox>
			<xmin>31</xmin>
			<ymin>50</ymin>
			<xmax>312</xmax>
			<ymax>158</ymax>
		</bndbox>
	</object>
</annotation>
