<annotation>
	<folder>mouse</folder>
	<filename>128.jpg</filename>
	<path>C:\Users\yangk\Desktop\DL\data\mouse\128.jpg</path>
	<source>
		<database>Unknown</database>
	</source>
	<size>
		<width>340</width>
		<height>227</height>
		<depth>3</depth>
	</size>
	<segmented>0</segmented>
	<object>
		<name>mouse</name>
		<pose>Unspecified</pose>
		<truncated>0</truncated>
		<difficult>0</difficult>
		<bndbox>
			<xmin>107</xmin>
			<ymin>45</ymin>
			<xmax>251</xmax>
			<ymax>169</ymax>
		</bndbox>
	</object>
</annotation>
