<annotation>
	<folder>mouse</folder>
	<filename>73.jpg</filename>
	<path>C:\Users\yangk\Desktop\DL\data\mouse\73.jpg</path>
	<source>
		<database>Unknown</database>
	</source>
	<size>
		<width>340</width>
		<height>227</height>
		<depth>3</depth>
	</size>
	<segmented>0</segmented>
	<object>
		<name>mouse</name>
		<pose>Unspecified</pose>
		<truncated>0</truncated>
		<difficult>0</difficult>
		<bndbox>
			<xmin>137</xmin>
			<ymin>69</ymin>
			<xmax>228</xmax>
			<ymax>157</ymax>
		</bndbox>
	</object>
</annotation>
