<annotation>
	<folder>mouse</folder>
	<filename>53.png</filename>
	<path>C:\Users\yangk\Desktop\DL\data\mouse\53.png</path>
	<source>
		<database>Unknown</database>
	</source>
	<size>
		<width>0</width>
		<height>0</height>
		<depth>3</depth>
	</size>
	<segmented>0</segmented>
	<object>
		<name>mouse</name>
		<pose>Unspecified</pose>
		<truncated>0</truncated>
		<difficult>0</difficult>
		<bndbox>
			<xmin>77</xmin>
			<ymin>57</ymin>
			<xmax>274</xmax>
			<ymax>294</ymax>
		</bndbox>
	</object>
</annotation>
