<annotation>
	<folder>mouse</folder>
	<filename>13.jpg</filename>
	<path>C:\Users\yangk\Desktop\DL\data\mouse\13.jpg</path>
	<source>
		<database>Unknown</database>
	</source>
	<size>
		<width>340</width>
		<height>340</height>
		<depth>3</depth>
	</size>
	<segmented>0</segmented>
	<object>
		<name>mouse</name>
		<pose>Unspecified</pose>
		<truncated>0</truncated>
		<difficult>0</difficult>
		<bndbox>
			<xmin>16</xmin>
			<ymin>77</ymin>
			<xmax>208</xmax>
			<ymax>317</ymax>
		</bndbox>
	</object>
</annotation>
