<annotation>
	<folder>mouse</folder>
	<filename>190.jpg</filename>
	<path>C:\Users\yangk\Desktop\DL\data\mouse\190.jpg</path>
	<source>
		<database>Unknown</database>
	</source>
	<size>
		<width>340</width>
		<height>165</height>
		<depth>3</depth>
	</size>
	<segmented>0</segmented>
	<object>
		<name>mouse</name>
		<pose>Unspecified</pose>
		<truncated>1</truncated>
		<difficult>0</difficult>
		<bndbox>
			<xmin>77</xmin>
			<ymin>6</ymin>
			<xmax>277</xmax>
			<ymax>165</ymax>
		</bndbox>
	</object>
</annotation>
