<annotation>
	<folder>mouse</folder>
	<filename>95.jpg</filename>
	<path>C:\Users\yangk\Desktop\DL\data\mouse\95.jpg</path>
	<source>
		<database>Unknown</database>
	</source>
	<size>
		<width>340</width>
		<height>236</height>
		<depth>3</depth>
	</size>
	<segmented>0</segmented>
	<object>
		<name>mouse</name>
		<pose>Unspecified</pose>
		<truncated>0</truncated>
		<difficult>0</difficult>
		<bndbox>
			<xmin>22</xmin>
			<ymin>60</ymin>
			<xmax>102</xmax>
			<ymax>176</ymax>
		</bndbox>
	</object>
	<object>
		<name>mouse</name>
		<pose>Unspecified</pose>
		<truncated>0</truncated>
		<difficult>0</difficult>
		<bndbox>
			<xmin>128</xmin>
			<ymin>59</ymin>
			<xmax>215</xmax>
			<ymax>182</ymax>
		</bndbox>
	</object>
	<object>
		<name>mouse</name>
		<pose>Unspecified</pose>
		<truncated>0</truncated>
		<difficult>0</difficult>
		<bndbox>
			<xmin>238</xmin>
			<ymin>63</ymin>
			<xmax>324</xmax>
			<ymax>182</ymax>
		</bndbox>
	</object>
</annotation>
