<annotation>
	<folder>mouse</folder>
	<filename>154.jpg</filename>
	<path>C:\Users\yangk\Desktop\DL\data\mouse\154.jpg</path>
	<source>
		<database>Unknown</database>
	</source>
	<size>
		<width>340</width>
		<height>227</height>
		<depth>3</depth>
	</size>
	<segmented>0</segmented>
	<object>
		<name>mouse</name>
		<pose>Unspecified</pose>
		<truncated>0</truncated>
		<difficult>0</difficult>
		<bndbox>
			<xmin>90</xmin>
			<ymin>40</ymin>
			<xmax>196</xmax>
			<ymax>148</ymax>
		</bndbox>
	</object>
	<object>
		<name>mouse</name>
		<pose>Unspecified</pose>
		<truncated>0</truncated>
		<difficult>0</difficult>
		<bndbox>
			<xmin>174</xmin>
			<ymin>87</ymin>
			<xmax>282</xmax>
			<ymax>202</ymax>
		</bndbox>
	</object>
</annotation>
