<annotation>
	<folder>mouse</folder>
	<filename>177.jpg</filename>
	<path>C:\Users\yangk\Desktop\DL\data\mouse\177.jpg</path>
	<source>
		<database>Unknown</database>
	</source>
	<size>
		<width>340</width>
		<height>165</height>
		<depth>3</depth>
	</size>
	<segmented>0</segmented>
	<object>
		<name>mouse</name>
		<pose>Unspecified</pose>
		<truncated>1</truncated>
		<difficult>0</difficult>
		<bndbox>
			<xmin>34</xmin>
			<ymin>1</ymin>
			<xmax>306</xmax>
			<ymax>161</ymax>
		</bndbox>
	</object>
</annotation>
