<annotation>
	<folder>mouse</folder>
	<filename>139.JPG</filename>
	<path>C:\Users\yangk\Desktop\DL\data\mouse\139.JPG</path>
	<source>
		<database>Unknown</database>
	</source>
	<size>
		<width>340</width>
		<height>226</height>
		<depth>3</depth>
	</size>
	<segmented>0</segmented>
	<object>
		<name>mouse</name>
		<pose>Unspecified</pose>
		<truncated>0</truncated>
		<difficult>0</difficult>
		<bndbox>
			<xmin>81</xmin>
			<ymin>47</ymin>
			<xmax>256</xmax>
			<ymax>169</ymax>
		</bndbox>
	</object>
</annotation>
