<annotation>
	<folder>mouse</folder>
	<filename>169.jpg</filename>
	<path>C:\Users\yangk\Desktop\DL\data\mouse\169.jpg</path>
	<source>
		<database>Unknown</database>
	</source>
	<size>
		<width>340</width>
		<height>255</height>
		<depth>3</depth>
	</size>
	<segmented>0</segmented>
	<object>
		<name>mouse</name>
		<pose>Unspecified</pose>
		<truncated>0</truncated>
		<difficult>0</difficult>
		<bndbox>
			<xmin>38</xmin>
			<ymin>43</ymin>
			<xmax>297</xmax>
			<ymax>208</ymax>
		</bndbox>
	</object>
</annotation>
