<annotation>
	<folder>mouse</folder>
	<filename>131.jpg</filename>
	<path>C:\Users\yangk\Desktop\DL\data\mouse\131.jpg</path>
	<source>
		<database>Unknown</database>
	</source>
	<size>
		<width>340</width>
		<height>340</height>
		<depth>3</depth>
	</size>
	<segmented>0</segmented>
	<object>
		<name>mouse</name>
		<pose>Unspecified</pose>
		<truncated>0</truncated>
		<difficult>0</difficult>
		<bndbox>
			<xmin>15</xmin>
			<ymin>39</ymin>
			<xmax>329</xmax>
			<ymax>279</ymax>
		</bndbox>
	</object>
</annotation>
