<annotation>
	<folder>mouse</folder>
	<filename>6.jpg</filename>
	<path>C:\Users\yangk\Desktop\DL\data\mouse\6.jpg</path>
	<source>
		<database>Unknown</database>
	</source>
	<size>
		<width>340</width>
		<height>340</height>
		<depth>3</depth>
	</size>
	<segmented>0</segmented>
	<object>
		<name>mouse</name>
		<pose>Unspecified</pose>
		<truncated>0</truncated>
		<difficult>0</difficult>
		<bndbox>
			<xmin>14</xmin>
			<ymin>59</ymin>
			<xmax>169</xmax>
			<ymax>256</ymax>
		</bndbox>
	</object>
	<object>
		<name>mouse</name>
		<pose>Unspecified</pose>
		<truncated>0</truncated>
		<difficult>0</difficult>
		<bndbox>
			<xmin>181</xmin>
			<ymin>56</ymin>
			<xmax>312</xmax>
			<ymax>266</ymax>
		</bndbox>
	</object>
</annotation>
