<annotation>
	<folder>mouse</folder>
	<filename>132.JPG</filename>
	<path>C:\Users\yangk\Desktop\DL\data\mouse\132.JPG</path>
	<source>
		<database>Unknown</database>
	</source>
	<size>
		<width>340</width>
		<height>255</height>
		<depth>3</depth>
	</size>
	<segmented>0</segmented>
	<object>
		<name>mouse</name>
		<pose>Unspecified</pose>
		<truncated>0</truncated>
		<difficult>0</difficult>
		<bndbox>
			<xmin>34</xmin>
			<ymin>71</ymin>
			<xmax>119</xmax>
			<ymax>197</ymax>
		</bndbox>
	</object>
	<object>
		<name>mouse</name>
		<pose>Unspecified</pose>
		<truncated>0</truncated>
		<difficult>0</difficult>
		<bndbox>
			<xmin>101</xmin>
			<ymin>88</ymin>
			<xmax>195</xmax>
			<ymax>222</ymax>
		</bndbox>
	</object>
	<object>
		<name>mouse</name>
		<pose>Unspecified</pose>
		<truncated>0</truncated>
		<difficult>0</difficult>
		<bndbox>
			<xmin>178</xmin>
			<ymin>97</ymin>
			<xmax>283</xmax>
			<ymax>230</ymax>
		</bndbox>
	</object>
</annotation>
