<annotation>
	<folder>mouse</folder>
	<filename>123.jpg</filename>
	<path>C:\Users\yangk\Desktop\DL\data\mouse\123.jpg</path>
	<source>
		<database>Unknown</database>
	</source>
	<size>
		<width>340</width>
		<height>227</height>
		<depth>3</depth>
	</size>
	<segmented>0</segmented>
	<object>
		<name>mouse</name>
		<pose>Unspecified</pose>
		<truncated>0</truncated>
		<difficult>0</difficult>
		<bndbox>
			<xmin>17</xmin>
			<ymin>104</ymin>
			<xmax>239</xmax>
			<ymax>184</ymax>
		</bndbox>
	</object>
</annotation>
