<annotation>
	<folder>mouse</folder>
	<filename>120.jpg</filename>
	<path>C:\Users\yangk\Desktop\DL\data\mouse\120.jpg</path>
	<source>
		<database>Unknown</database>
	</source>
	<size>
		<width>340</width>
		<height>255</height>
		<depth>3</depth>
	</size>
	<segmented>0</segmented>
	<object>
		<name>mouse</name>
		<pose>Unspecified</pose>
		<truncated>0</truncated>
		<difficult>0</difficult>
		<bndbox>
			<xmin>57</xmin>
			<ymin>35</ymin>
			<xmax>177</xmax>
			<ymax>236</ymax>
		</bndbox>
	</object>
	<object>
		<name>mouse</name>
		<pose>Unspecified</pose>
		<truncated>0</truncated>
		<difficult>0</difficult>
		<bndbox>
			<xmin>158</xmin>
			<ymin>19</ymin>
			<xmax>279</xmax>
			<ymax>239</ymax>
		</bndbox>
	</object>
</annotation>
