<annotation>
	<folder>airpods</folder>
	<filename>501.JPG</filename>
	<path>C:\Users\su221\1st Project\sample_img\airpods\501.JPG</path>
	<source>
		<database>Unknown</database>
	</source>
	<size>
		<width>340</width>
		<height>453</height>
		<depth>3</depth>
	</size>
	<segmented>0</segmented>
	<object>
		<name>airpods</name>
		<pose>Unspecified</pose>
		<truncated>0</truncated>
		<difficult>0</difficult>
		<bndbox>
			<xmin>101</xmin>
			<ymin>85</ymin>
			<xmax>274</xmax>
			<ymax>238</ymax>
		</bndbox>
	</object>
	<object>
		<name>airpods</name>
		<pose>Unspecified</pose>
		<truncated>0</truncated>
		<difficult>0</difficult>
		<bndbox>
			<xmin>166</xmin>
			<ymin>238</ymin>
			<xmax>230</xmax>
			<ymax>344</ymax>
		</bndbox>
	</object>
	<object>
		<name>airpods</name>
		<pose>Unspecified</pose>
		<truncated>0</truncated>
		<difficult>0</difficult>
		<bndbox>
			<xmin>86</xmin>
			<ymin>244</ymin>
			<xmax>145</xmax>
			<ymax>344</ymax>
		</bndbox>
	</object>
</annotation>
