<annotation>
	<folder>airpods</folder>
	<filename>241.jpg</filename>
	<path>C:\Users\su221\1st Project\sample_img\airpods\241.jpg</path>
	<source>
		<database>Unknown</database>
	</source>
	<size>
		<width>340</width>
		<height>165</height>
		<depth>3</depth>
	</size>
	<segmented>0</segmented>
	<object>
		<name>airpods</name>
		<pose>Unspecified</pose>
		<truncated>0</truncated>
		<difficult>0</difficult>
		<bndbox>
			<xmin>91</xmin>
			<ymin>46</ymin>
			<xmax>144</xmax>
			<ymax>140</ymax>
		</bndbox>
	</object>
	<object>
		<name>airpods</name>
		<pose>Unspecified</pose>
		<truncated>0</truncated>
		<difficult>0</difficult>
		<bndbox>
			<xmin>178</xmin>
			<ymin>26</ymin>
			<xmax>241</xmax>
			<ymax>122</ymax>
		</bndbox>
	</object>
</annotation>
