<annotation>
	<folder>airpods</folder>
	<filename>61.JPG</filename>
	<path>C:\Users\su221\1st Project\sample_img\airpods\61.JPG</path>
	<source>
		<database>Unknown</database>
	</source>
	<size>
		<width>340</width>
		<height>227</height>
		<depth>3</depth>
	</size>
	<segmented>0</segmented>
	<object>
		<name>airpods</name>
		<pose>Unspecified</pose>
		<truncated>0</truncated>
		<difficult>0</difficult>
		<bndbox>
			<xmin>185</xmin>
			<ymin>96</ymin>
			<xmax>247</xmax>
			<ymax>135</ymax>
		</bndbox>
	</object>
	<object>
		<name>airpods</name>
		<pose>Unspecified</pose>
		<truncated>0</truncated>
		<difficult>0</difficult>
		<bndbox>
			<xmin>89</xmin>
			<ymin>96</ymin>
			<xmax>153</xmax>
			<ymax>131</ymax>
		</bndbox>
	</object>
</annotation>
