<annotation>
	<folder>airpods</folder>
	<filename>272.jpg</filename>
	<path>C:\Users\su221\1st Project\sample_img\airpods\272.jpg</path>
	<source>
		<database>Unknown</database>
	</source>
	<size>
		<width>340</width>
		<height>340</height>
		<depth>3</depth>
	</size>
	<segmented>0</segmented>
	<object>
		<name>airpods</name>
		<pose>Unspecified</pose>
		<truncated>0</truncated>
		<difficult>0</difficult>
		<bndbox>
			<xmin>57</xmin>
			<ymin>75</ymin>
			<xmax>136</xmax>
			<ymax>278</ymax>
		</bndbox>
	</object>
	<object>
		<name>airpods</name>
		<pose>Unspecified</pose>
		<truncated>0</truncated>
		<difficult>0</difficult>
		<bndbox>
			<xmin>200</xmin>
			<ymin>70</ymin>
			<xmax>282</xmax>
			<ymax>274</ymax>
		</bndbox>
	</object>
</annotation>
