<annotation>
	<folder>airpods</folder>
	<filename>432.JPG</filename>
	<path>C:\Users\su221\1st Project\sample_img\airpods\432.JPG</path>
	<source>
		<database>Unknown</database>
	</source>
	<size>
		<width>340</width>
		<height>453</height>
		<depth>3</depth>
	</size>
	<segmented>0</segmented>
	<object>
		<name>airpods</name>
		<pose>Unspecified</pose>
		<truncated>0</truncated>
		<difficult>0</difficult>
		<bndbox>
			<xmin>82</xmin>
			<ymin>201</ymin>
			<xmax>258</xmax>
			<ymax>350</ymax>
		</bndbox>
	</object>
</annotation>
