<annotation>
	<folder>airpods</folder>
	<filename>283.jpg</filename>
	<path>C:\Users\su221\1st Project\sample_img\airpods\283.jpg</path>
	<source>
		<database>Unknown</database>
	</source>
	<size>
		<width>340</width>
		<height>453</height>
		<depth>3</depth>
	</size>
	<segmented>0</segmented>
	<object>
		<name>airpods</name>
		<pose>Unspecified</pose>
		<truncated>0</truncated>
		<difficult>0</difficult>
		<bndbox>
			<xmin>72</xmin>
			<ymin>230</ymin>
			<xmax>252</xmax>
			<ymax>379</ymax>
		</bndbox>
	</object>
</annotation>
