<annotation>
	<folder>airpods</folder>
	<filename>54.png</filename>
	<path>C:\Users\su221\1st Project\sample_img\airpods\54.png</path>
	<source>
		<database>Unknown</database>
	</source>
	<size>
		<width>0</width>
		<height>0</height>
		<depth>3</depth>
	</size>
	<segmented>0</segmented>
	<object>
		<name>airpods</name>
		<pose>Unspecified</pose>
		<truncated>0</truncated>
		<difficult>0</difficult>
		<bndbox>
			<xmin>126</xmin>
			<ymin>62</ymin>
			<xmax>294</xmax>
			<ymax>107</ymax>
		</bndbox>
	</object>
	<object>
		<name>airpods</name>
		<pose>Unspecified</pose>
		<truncated>0</truncated>
		<difficult>0</difficult>
		<bndbox>
			<xmin>158</xmin>
			<ymin>113</ymin>
			<xmax>297</xmax>
			<ymax>217</ymax>
		</bndbox>
	</object>
</annotation>
