<annotation>
	<folder>airpods</folder>
	<filename>67.JPG</filename>
	<path>C:\Users\su221\1st Project\sample_img\airpods\67.JPG</path>
	<source>
		<database>Unknown</database>
	</source>
	<size>
		<width>340</width>
		<height>255</height>
		<depth>3</depth>
	</size>
	<segmented>0</segmented>
	<object>
		<name>airpods</name>
		<pose>Unspecified</pose>
		<truncated>0</truncated>
		<difficult>0</difficult>
		<bndbox>
			<xmin>138</xmin>
			<ymin>59</ymin>
			<xmax>202</xmax>
			<ymax>157</ymax>
		</bndbox>
	</object>
	<object>
		<name>airpods</name>
		<pose>Unspecified</pose>
		<truncated>0</truncated>
		<difficult>0</difficult>
		<bndbox>
			<xmin>146</xmin>
			<ymin>107</ymin>
			<xmax>230</xmax>
			<ymax>199</ymax>
		</bndbox>
	</object>
</annotation>
