<annotation>
	<folder>airpods</folder>
	<filename>504.jpg</filename>
	<path>C:\Users\su221\1st Project\sample_img\airpods\504.jpg</path>
	<source>
		<database>Unknown</database>
	</source>
	<size>
		<width>340</width>
		<height>267</height>
		<depth>3</depth>
	</size>
	<segmented>0</segmented>
	<object>
		<name>airpods</name>
		<pose>Unspecified</pose>
		<truncated>0</truncated>
		<difficult>0</difficult>
		<bndbox>
			<xmin>200</xmin>
			<ymin>72</ymin>
			<xmax>276</xmax>
			<ymax>171</ymax>
		</bndbox>
	</object>
	<object>
		<name>airpods</name>
		<pose>Unspecified</pose>
		<truncated>0</truncated>
		<difficult>0</difficult>
		<bndbox>
			<xmin>65</xmin>
			<ymin>79</ymin>
			<xmax>136</xmax>
			<ymax>177</ymax>
		</bndbox>
	</object>
</annotation>
