<annotation>
	<folder>airpods</folder>
	<filename>413.jpg</filename>
	<path>C:\Users\su221\1st Project\sample_img\airpods\413.jpg</path>
	<source>
		<database>Unknown</database>
	</source>
	<size>
		<width>340</width>
		<height>340</height>
		<depth>3</depth>
	</size>
	<segmented>0</segmented>
	<object>
		<name>airpods</name>
		<pose>Unspecified</pose>
		<truncated>0</truncated>
		<difficult>0</difficult>
		<bndbox>
			<xmin>72</xmin>
			<ymin>61</ymin>
			<xmax>225</xmax>
			<ymax>213</ymax>
		</bndbox>
	</object>
	<object>
		<name>airpods</name>
		<pose>Unspecified</pose>
		<truncated>0</truncated>
		<difficult>0</difficult>
		<bndbox>
			<xmin>157</xmin>
			<ymin>160</ymin>
			<xmax>320</xmax>
			<ymax>317</ymax>
		</bndbox>
	</object>
</annotation>
