<annotation>
	<folder>airpods</folder>
	<filename>227.jpg</filename>
	<path>C:\Users\su221\1st Project\sample_img\airpods\227.jpg</path>
	<source>
		<database>Unknown</database>
	</source>
	<size>
		<width>340</width>
		<height>454</height>
		<depth>3</depth>
	</size>
	<segmented>0</segmented>
	<object>
		<name>airpods</name>
		<pose>Unspecified</pose>
		<truncated>1</truncated>
		<difficult>0</difficult>
		<bndbox>
			<xmin>1</xmin>
			<ymin>96</ymin>
			<xmax>183</xmax>
			<ymax>262</ymax>
		</bndbox>
	</object>
</annotation>
