<annotation>
	<folder>airpods</folder>
	<filename>45.jpeg</filename>
	<path>C:\Users\su221\1st Project\sample_img\airpods\45.jpeg</path>
	<source>
		<database>Unknown</database>
	</source>
	<size>
		<width>340</width>
		<height>255</height>
		<depth>3</depth>
	</size>
	<segmented>0</segmented>
	<object>
		<name>airpods</name>
		<pose>Unspecified</pose>
		<truncated>0</truncated>
		<difficult>0</difficult>
		<bndbox>
			<xmin>107</xmin>
			<ymin>17</ymin>
			<xmax>261</xmax>
			<ymax>79</ymax>
		</bndbox>
	</object>
	<object>
		<name>airpods</name>
		<pose>Unspecified</pose>
		<truncated>0</truncated>
		<difficult>0</difficult>
		<bndbox>
			<xmin>169</xmin>
			<ymin>131</ymin>
			<xmax>302</xmax>
			<ymax>206</ymax>
		</bndbox>
	</object>
</annotation>
