<annotation>
	<folder>airpods</folder>
	<filename>56.jpg</filename>
	<path>C:\Users\su221\1st Project\sample_img\airpods\56.jpg</path>
	<source>
		<database>Unknown</database>
	</source>
	<size>
		<width>340</width>
		<height>227</height>
		<depth>3</depth>
	</size>
	<segmented>0</segmented>
	<object>
		<name>airpods</name>
		<pose>Unspecified</pose>
		<truncated>0</truncated>
		<difficult>0</difficult>
		<bndbox>
			<xmin>118</xmin>
			<ymin>94</ymin>
			<xmax>179</xmax>
			<ymax>149</ymax>
		</bndbox>
	</object>
</annotation>
