<annotation>
	<folder>airpods</folder>
	<filename>326.JPG</filename>
	<path>C:\Users\su221\1st Project\sample_img\airpods\326.JPG</path>
	<source>
		<database>Unknown</database>
	</source>
	<size>
		<width>340</width>
		<height>227</height>
		<depth>3</depth>
	</size>
	<segmented>0</segmented>
	<object>
		<name>airpods</name>
		<pose>Unspecified</pose>
		<truncated>0</truncated>
		<difficult>0</difficult>
		<bndbox>
			<xmin>117</xmin>
			<ymin>56</ymin>
			<xmax>177</xmax>
			<ymax>184</ymax>
		</bndbox>
	</object>
	<object>
		<name>airpods</name>
		<pose>Unspecified</pose>
		<truncated>0</truncated>
		<difficult>0</difficult>
		<bndbox>
			<xmin>177</xmin>
			<ymin>58</ymin>
			<xmax>235</xmax>
			<ymax>186</ymax>
		</bndbox>
	</object>
</annotation>
