<annotation>
	<folder>airpods</folder>
	<filename>276.jpg</filename>
	<path>C:\Users\su221\1st Project\sample_img\airpods\276.jpg</path>
	<source>
		<database>Unknown</database>
	</source>
	<size>
		<width>340</width>
		<height>340</height>
		<depth>3</depth>
	</size>
	<segmented>0</segmented>
	<object>
		<name>airpods</name>
		<pose>Unspecified</pose>
		<truncated>0</truncated>
		<difficult>0</difficult>
		<bndbox>
			<xmin>11</xmin>
			<ymin>195</ymin>
			<xmax>238</xmax>
			<ymax>299</ymax>
		</bndbox>
	</object>
</annotation>
