<annotation>
	<folder>airpods</folder>
	<filename>4.jpg</filename>
	<path>C:\Users\su221\1st Project\sample_img\airpods\4.jpg</path>
	<source>
		<database>Unknown</database>
	</source>
	<size>
		<width>340</width>
		<height>255</height>
		<depth>3</depth>
	</size>
	<segmented>0</segmented>
	<object>
		<name>airpods</name>
		<pose>Unspecified</pose>
		<truncated>0</truncated>
		<difficult>0</difficult>
		<bndbox>
			<xmin>255</xmin>
			<ymin>68</ymin>
			<xmax>284</xmax>
			<ymax>155</ymax>
		</bndbox>
	</object>
	<object>
		<name>airpods</name>
		<pose>Unspecified</pose>
		<truncated>0</truncated>
		<difficult>0</difficult>
		<bndbox>
			<xmin>195</xmin>
			<ymin>93</ymin>
			<xmax>230</xmax>
			<ymax>180</ymax>
		</bndbox>
	</object>
	<object>
		<name>airpods</name>
		<pose>Unspecified</pose>
		<truncated>0</truncated>
		<difficult>0</difficult>
		<bndbox>
			<xmin>57</xmin>
			<ymin>65</ymin>
			<xmax>188</xmax>
			<ymax>199</ymax>
		</bndbox>
	</object>
</annotation>
