<annotation>
	<folder>airpods</folder>
	<filename>411.jpg</filename>
	<path>C:\Users\su221\1st Project\sample_img\airpods\411.jpg</path>
	<source>
		<database>Unknown</database>
	</source>
	<size>
		<width>340</width>
		<height>227</height>
		<depth>3</depth>
	</size>
	<segmented>0</segmented>
	<object>
		<name>airpods</name>
		<pose>Unspecified</pose>
		<truncated>0</truncated>
		<difficult>0</difficult>
		<bndbox>
			<xmin>140</xmin>
			<ymin>91</ymin>
			<xmax>186</xmax>
			<ymax>151</ymax>
		</bndbox>
	</object>
	<object>
		<name>airpods</name>
		<pose>Unspecified</pose>
		<truncated>0</truncated>
		<difficult>0</difficult>
		<bndbox>
			<xmin>170</xmin>
			<ymin>105</ymin>
			<xmax>231</xmax>
			<ymax>149</ymax>
		</bndbox>
	</object>
	<object>
		<name>airpods</name>
		<pose>Unspecified</pose>
		<truncated>0</truncated>
		<difficult>0</difficult>
		<bndbox>
			<xmin>54</xmin>
			<ymin>28</ymin>
			<xmax>132</xmax>
			<ymax>128</ymax>
		</bndbox>
	</object>
</annotation>
