<annotation>
	<folder>airpods</folder>
	<filename>289.jpg</filename>
	<path>C:\Users\su221\1st Project\sample_img\airpods\289.jpg</path>
	<source>
		<database>Unknown</database>
	</source>
	<size>
		<width>340</width>
		<height>227</height>
		<depth>3</depth>
	</size>
	<segmented>0</segmented>
	<object>
		<name>airpods</name>
		<pose>Unspecified</pose>
		<truncated>0</truncated>
		<difficult>0</difficult>
		<bndbox>
			<xmin>142</xmin>
			<ymin>81</ymin>
			<xmax>192</xmax>
			<ymax>143</ymax>
		</bndbox>
	</object>
	<object>
		<name>airpods</name>
		<pose>Unspecified</pose>
		<truncated>0</truncated>
		<difficult>0</difficult>
		<bndbox>
			<xmin>208</xmin>
			<ymin>97</ymin>
			<xmax>255</xmax>
			<ymax>159</ymax>
		</bndbox>
	</object>
	<object>
		<name>airpods</name>
		<pose>Unspecified</pose>
		<truncated>1</truncated>
		<difficult>0</difficult>
		<bndbox>
			<xmin>173</xmin>
			<ymin>1</ymin>
			<xmax>288</xmax>
			<ymax>71</ymax>
		</bndbox>
	</object>
</annotation>
