<annotation>
	<folder>airpods</folder>
	<filename>305.jpg</filename>
	<path>C:\Users\su221\1st Project\sample_img\airpods\305.jpg</path>
	<source>
		<database>Unknown</database>
	</source>
	<size>
		<width>340</width>
		<height>255</height>
		<depth>3</depth>
	</size>
	<segmented>0</segmented>
	<object>
		<name>airpods</name>
		<pose>Unspecified</pose>
		<truncated>0</truncated>
		<difficult>0</difficult>
		<bndbox>
			<xmin>111</xmin>
			<ymin>99</ymin>
			<xmax>194</xmax>
			<ymax>163</ymax>
		</bndbox>
	</object>
	<object>
		<name>airpods</name>
		<pose>Unspecified</pose>
		<truncated>0</truncated>
		<difficult>0</difficult>
		<bndbox>
			<xmin>75</xmin>
			<ymin>137</ymin>
			<xmax>143</xmax>
			<ymax>213</ymax>
		</bndbox>
	</object>
</annotation>
