<annotation>
	<folder>airpods</folder>
	<filename>548.JPG</filename>
	<path>C:\Users\su221\1st Project\sample_img\airpods\548.JPG</path>
	<source>
		<database>Unknown</database>
	</source>
	<size>
		<width>340</width>
		<height>227</height>
		<depth>3</depth>
	</size>
	<segmented>0</segmented>
	<object>
		<name>airpods</name>
		<pose>Unspecified</pose>
		<truncated>0</truncated>
		<difficult>0</difficult>
		<bndbox>
			<xmin>181</xmin>
			<ymin>78</ymin>
			<xmax>276</xmax>
			<ymax>152</ymax>
		</bndbox>
	</object>
	<object>
		<name>airpods</name>
		<pose>Unspecified</pose>
		<truncated>0</truncated>
		<difficult>0</difficult>
		<bndbox>
			<xmin>55</xmin>
			<ymin>76</ymin>
			<xmax>163</xmax>
			<ymax>152</ymax>
		</bndbox>
	</object>
</annotation>
