<annotation>
	<folder>airpods</folder>
	<filename>340.jpg</filename>
	<path>C:\Users\su221\1st Project\sample_img\airpods\340.jpg</path>
	<source>
		<database>Unknown</database>
	</source>
	<size>
		<width>340</width>
		<height>255</height>
		<depth>3</depth>
	</size>
	<segmented>0</segmented>
	<object>
		<name>airpods</name>
		<pose>Unspecified</pose>
		<truncated>0</truncated>
		<difficult>0</difficult>
		<bndbox>
			<xmin>98</xmin>
			<ymin>110</ymin>
			<xmax>156</xmax>
			<ymax>204</ymax>
		</bndbox>
	</object>
	<object>
		<name>airpods</name>
		<pose>Unspecified</pose>
		<truncated>0</truncated>
		<difficult>0</difficult>
		<bndbox>
			<xmin>273</xmin>
			<ymin>192</ymin>
			<xmax>321</xmax>
			<ymax>247</ymax>
		</bndbox>
	</object>
</annotation>
