<annotation>
	<folder>airpods</folder>
	<filename>316.JPG</filename>
	<path>C:\Users\su221\1st Project\sample_img\airpods\316.JPG</path>
	<source>
		<database>Unknown</database>
	</source>
	<size>
		<width>340</width>
		<height>227</height>
		<depth>3</depth>
	</size>
	<segmented>0</segmented>
	<object>
		<name>airpods</name>
		<pose>Unspecified</pose>
		<truncated>0</truncated>
		<difficult>0</difficult>
		<bndbox>
			<xmin>78</xmin>
			<ymin>12</ymin>
			<xmax>173</xmax>
			<ymax>83</ymax>
		</bndbox>
	</object>
	<object>
		<name>airpods</name>
		<pose>Unspecified</pose>
		<truncated>0</truncated>
		<difficult>0</difficult>
		<bndbox>
			<xmin>133</xmin>
			<ymin>84</ymin>
			<xmax>167</xmax>
			<ymax>129</ymax>
		</bndbox>
	</object>
	<object>
		<name>airpods</name>
		<pose>Unspecified</pose>
		<truncated>0</truncated>
		<difficult>0</difficult>
		<bndbox>
			<xmin>119</xmin>
			<ymin>133</ymin>
			<xmax>159</xmax>
			<ymax>181</ymax>
		</bndbox>
	</object>
</annotation>
