<annotation>
	<folder>airpods</folder>
	<filename>419.jpg</filename>
	<path>C:\Users\su221\1st Project\sample_img\airpods\419.jpg</path>
	<source>
		<database>Unknown</database>
	</source>
	<size>
		<width>340</width>
		<height>255</height>
		<depth>3</depth>
	</size>
	<segmented>0</segmented>
	<object>
		<name>airpods</name>
		<pose>Unspecified</pose>
		<truncated>0</truncated>
		<difficult>0</difficult>
		<bndbox>
			<xmin>194</xmin>
			<ymin>152</ymin>
			<xmax>240</xmax>
			<ymax>216</ymax>
		</bndbox>
	</object>
	<object>
		<name>airpods</name>
		<pose>Unspecified</pose>
		<truncated>0</truncated>
		<difficult>0</difficult>
		<bndbox>
			<xmin>159</xmin>
			<ymin>163</ymin>
			<xmax>208</xmax>
			<ymax>231</ymax>
		</bndbox>
	</object>
	<object>
		<name>airpods</name>
		<pose>Unspecified</pose>
		<truncated>0</truncated>
		<difficult>0</difficult>
		<bndbox>
			<xmin>143</xmin>
			<ymin>36</ymin>
			<xmax>254</xmax>
			<ymax>131</ymax>
		</bndbox>
	</object>
</annotation>
