<annotation>
	<folder>airpods</folder>
	<filename>445.JPG</filename>
	<path>C:\Users\su221\1st Project\sample_img\airpods\445.JPG</path>
	<source>
		<database>Unknown</database>
	</source>
	<size>
		<width>340</width>
		<height>340</height>
		<depth>3</depth>
	</size>
	<segmented>0</segmented>
	<object>
		<name>airpods</name>
		<pose>Unspecified</pose>
		<truncated>0</truncated>
		<difficult>0</difficult>
		<bndbox>
			<xmin>94</xmin>
			<ymin>98</ymin>
			<xmax>223</xmax>
			<ymax>226</ymax>
		</bndbox>
	</object>
	<object>
		<name>airpods</name>
		<pose>Unspecified</pose>
		<truncated>0</truncated>
		<difficult>0</difficult>
		<bndbox>
			<xmin>135</xmin>
			<ymin>117</ymin>
			<xmax>243</xmax>
			<ymax>265</ymax>
		</bndbox>
	</object>
	<object>
		<name>airpods</name>
		<pose>Unspecified</pose>
		<truncated>0</truncated>
		<difficult>0</difficult>
		<bndbox>
			<xmin>95</xmin>
			<ymin>96</ymin>
			<xmax>245</xmax>
			<ymax>265</ymax>
		</bndbox>
	</object>
</annotation>
