<annotation>
	<folder>airpods</folder>
	<filename>448.jpg</filename>
	<path>C:\Users\su221\1st Project\sample_img\airpods\448.jpg</path>
	<source>
		<database>Unknown</database>
	</source>
	<size>
		<width>340</width>
		<height>340</height>
		<depth>3</depth>
	</size>
	<segmented>0</segmented>
	<object>
		<name>airpods</name>
		<pose>Unspecified</pose>
		<truncated>0</truncated>
		<difficult>0</difficult>
		<bndbox>
			<xmin>77</xmin>
			<ymin>110</ymin>
			<xmax>163</xmax>
			<ymax>214</ymax>
		</bndbox>
	</object>
	<object>
		<name>airpods</name>
		<pose>Unspecified</pose>
		<truncated>0</truncated>
		<difficult>0</difficult>
		<bndbox>
			<xmin>175</xmin>
			<ymin>108</ymin>
			<xmax>259</xmax>
			<ymax>238</ymax>
		</bndbox>
	</object>
</annotation>
