<annotation>
	<folder>airpods</folder>
	<filename>347.jpg</filename>
	<path>C:\Users\su221\1st Project\sample_img\airpods\347.jpg</path>
	<source>
		<database>Unknown</database>
	</source>
	<size>
		<width>340</width>
		<height>340</height>
		<depth>3</depth>
	</size>
	<segmented>0</segmented>
	<object>
		<name>airpods</name>
		<pose>Unspecified</pose>
		<truncated>1</truncated>
		<difficult>0</difficult>
		<bndbox>
			<xmin>278</xmin>
			<ymin>139</ymin>
			<xmax>340</xmax>
			<ymax>211</ymax>
		</bndbox>
	</object>
	<object>
		<name>airpods</name>
		<pose>Unspecified</pose>
		<truncated>0</truncated>
		<difficult>0</difficult>
		<bndbox>
			<xmin>53</xmin>
			<ymin>111</ymin>
			<xmax>243</xmax>
			<ymax>255</ymax>
		</bndbox>
	</object>
</annotation>
