<annotation>
	<folder>airpods</folder>
	<filename>12.JPG</filename>
	<path>C:\Users\su221\1st Project\sample_img\airpods\12.JPG</path>
	<source>
		<database>Unknown</database>
	</source>
	<size>
		<width>340</width>
		<height>227</height>
		<depth>3</depth>
	</size>
	<segmented>0</segmented>
	<object>
		<name>airpods</name>
		<pose>Unspecified</pose>
		<truncated>0</truncated>
		<difficult>0</difficult>
		<bndbox>
			<xmin>99</xmin>
			<ymin>94</ymin>
			<xmax>176</xmax>
			<ymax>129</ymax>
		</bndbox>
	</object>
	<object>
		<name>airpods</name>
		<pose>Unspecified</pose>
		<truncated>0</truncated>
		<difficult>0</difficult>
		<bndbox>
			<xmin>150</xmin>
			<ymin>84</ymin>
			<xmax>210</xmax>
			<ymax>144</ymax>
		</bndbox>
	</object>
</annotation>
