<annotation>
	<folder>airpods</folder>
	<filename>404.jpg</filename>
	<path>C:\Users\su221\1st Project\sample_img\airpods\404.jpg</path>
	<source>
		<database>Unknown</database>
	</source>
	<size>
		<width>340</width>
		<height>255</height>
		<depth>3</depth>
	</size>
	<segmented>0</segmented>
	<object>
		<name>airpods</name>
		<pose>Unspecified</pose>
		<truncated>0</truncated>
		<difficult>0</difficult>
		<bndbox>
			<xmin>72</xmin>
			<ymin>22</ymin>
			<xmax>124</xmax>
			<ymax>54</ymax>
		</bndbox>
	</object>
	<object>
		<name>airpods</name>
		<pose>Unspecified</pose>
		<truncated>0</truncated>
		<difficult>0</difficult>
		<bndbox>
			<xmin>76</xmin>
			<ymin>58</ymin>
			<xmax>116</xmax>
			<ymax>109</ymax>
		</bndbox>
	</object>
</annotation>
