<annotation>
	<folder>airpods</folder>
	<filename>384.jpg</filename>
	<path>C:\Users\su221\1st Project\sample_img\airpods\384.jpg</path>
	<source>
		<database>Unknown</database>
	</source>
	<size>
		<width>340</width>
		<height>453</height>
		<depth>3</depth>
	</size>
	<segmented>0</segmented>
	<object>
		<name>airpods</name>
		<pose>Unspecified</pose>
		<truncated>0</truncated>
		<difficult>0</difficult>
		<bndbox>
			<xmin>75</xmin>
			<ymin>169</ymin>
			<xmax>286</xmax>
			<ymax>249</ymax>
		</bndbox>
	</object>
	<object>
		<name>airpods</name>
		<pose>Unspecified</pose>
		<truncated>0</truncated>
		<difficult>0</difficult>
		<bndbox>
			<xmin>13</xmin>
			<ymin>267</ymin>
			<xmax>253</xmax>
			<ymax>370</ymax>
		</bndbox>
	</object>
</annotation>
