<annotation>
	<folder>airpods</folder>
	<filename>392.JPG</filename>
	<path>C:\Users\su221\1st Project\sample_img\airpods\392.JPG</path>
	<source>
		<database>Unknown</database>
	</source>
	<size>
		<width>340</width>
		<height>255</height>
		<depth>3</depth>
	</size>
	<segmented>0</segmented>
	<object>
		<name>airpods</name>
		<pose>Unspecified</pose>
		<truncated>0</truncated>
		<difficult>0</difficult>
		<bndbox>
			<xmin>178</xmin>
			<ymin>182</ymin>
			<xmax>241</xmax>
			<ymax>217</ymax>
		</bndbox>
	</object>
	<object>
		<name>airpods</name>
		<pose>Unspecified</pose>
		<truncated>0</truncated>
		<difficult>0</difficult>
		<bndbox>
			<xmin>203</xmin>
			<ymin>140</ymin>
			<xmax>239</xmax>
			<ymax>180</ymax>
		</bndbox>
	</object>
	<object>
		<name>airpods</name>
		<pose>Unspecified</pose>
		<truncated>0</truncated>
		<difficult>0</difficult>
		<bndbox>
			<xmin>223</xmin>
			<ymin>91</ymin>
			<xmax>320</xmax>
			<ymax>152</ymax>
		</bndbox>
	</object>
</annotation>
