<annotation>
	<folder>airpods</folder>
	<filename>284.jpg</filename>
	<path>C:\Users\su221\1st Project\sample_img\airpods\284.jpg</path>
	<source>
		<database>Unknown</database>
	</source>
	<size>
		<width>340</width>
		<height>255</height>
		<depth>3</depth>
	</size>
	<segmented>0</segmented>
	<object>
		<name>airpods</name>
		<pose>Unspecified</pose>
		<truncated>0</truncated>
		<difficult>0</difficult>
		<bndbox>
			<xmin>61</xmin>
			<ymin>94</ymin>
			<xmax>159</xmax>
			<ymax>191</ymax>
		</bndbox>
	</object>
	<object>
		<name>airpods</name>
		<pose>Unspecified</pose>
		<truncated>0</truncated>
		<difficult>0</difficult>
		<bndbox>
			<xmin>198</xmin>
			<ymin>130</ymin>
			<xmax>250</xmax>
			<ymax>168</ymax>
		</bndbox>
	</object>
	<object>
		<name>airpods</name>
		<pose>Unspecified</pose>
		<truncated>0</truncated>
		<difficult>0</difficult>
		<bndbox>
			<xmin>209</xmin>
			<ymin>89</ymin>
			<xmax>251</xmax>
			<ymax>133</ymax>
		</bndbox>
	</object>
</annotation>
