<annotation>
	<folder>airpods</folder>
	<filename>325.jpeg</filename>
	<path>C:\Users\su221\1st Project\sample_img\airpods\325.jpeg</path>
	<source>
		<database>Unknown</database>
	</source>
	<size>
		<width>340</width>
		<height>340</height>
		<depth>3</depth>
	</size>
	<segmented>0</segmented>
	<object>
		<name>airpods</name>
		<pose>Unspecified</pose>
		<truncated>0</truncated>
		<difficult>0</difficult>
		<bndbox>
			<xmin>62</xmin>
			<ymin>109</ymin>
			<xmax>148</xmax>
			<ymax>245</ymax>
		</bndbox>
	</object>
	<object>
		<name>airpods</name>
		<pose>Unspecified</pose>
		<truncated>0</truncated>
		<difficult>0</difficult>
		<bndbox>
			<xmin>197</xmin>
			<ymin>113</ymin>
			<xmax>248</xmax>
			<ymax>265</ymax>
		</bndbox>
	</object>
</annotation>
