<annotation>
	<folder>airpods</folder>
	<filename>313.jpg</filename>
	<path>C:\Users\su221\1st Project\sample_img\airpods\313.jpg</path>
	<source>
		<database>Unknown</database>
	</source>
	<size>
		<width>340</width>
		<height>227</height>
		<depth>3</depth>
	</size>
	<segmented>0</segmented>
	<object>
		<name>airpods</name>
		<pose>Unspecified</pose>
		<truncated>0</truncated>
		<difficult>0</difficult>
		<bndbox>
			<xmin>133</xmin>
			<ymin>63</ymin>
			<xmax>183</xmax>
			<ymax>144</ymax>
		</bndbox>
	</object>
	<object>
		<name>airpods</name>
		<pose>Unspecified</pose>
		<truncated>0</truncated>
		<difficult>0</difficult>
		<bndbox>
			<xmin>164</xmin>
			<ymin>80</ymin>
			<xmax>198</xmax>
			<ymax>165</ymax>
		</bndbox>
	</object>
	<object>
		<name>airpods</name>
		<pose>Unspecified</pose>
		<truncated>0</truncated>
		<difficult>0</difficult>
		<bndbox>
			<xmin>133</xmin>
			<ymin>63</ymin>
			<xmax>198</xmax>
			<ymax>164</ymax>
		</bndbox>
	</object>
</annotation>
