<annotation>
	<folder>airpods</folder>
	<filename>231.jpg</filename>
	<path>C:\Users\su221\1st Project\sample_img\airpods\231.jpg</path>
	<source>
		<database>Unknown</database>
	</source>
	<size>
		<width>340</width>
		<height>340</height>
		<depth>3</depth>
	</size>
	<segmented>0</segmented>
	<object>
		<name>airpods</name>
		<pose>Unspecified</pose>
		<truncated>0</truncated>
		<difficult>0</difficult>
		<bndbox>
			<xmin>74</xmin>
			<ymin>104</ymin>
			<xmax>253</xmax>
			<ymax>245</ymax>
		</bndbox>
	</object>
</annotation>
