<annotation>
	<folder>airpods</folder>
	<filename>497.JPG</filename>
	<path>C:\Users\su221\1st Project\sample_img\airpods\497.JPG</path>
	<source>
		<database>Unknown</database>
	</source>
	<size>
		<width>340</width>
		<height>227</height>
		<depth>3</depth>
	</size>
	<segmented>0</segmented>
	<object>
		<name>airpods</name>
		<pose>Unspecified</pose>
		<truncated>0</truncated>
		<difficult>0</difficult>
		<bndbox>
			<xmin>112</xmin>
			<ymin>74</ymin>
			<xmax>222</xmax>
			<ymax>163</ymax>
		</bndbox>
	</object>
</annotation>
