<annotation>
	<folder>airpods</folder>
	<filename>540.JPG</filename>
	<path>C:\Users\su221\1st Project\sample_img\airpods\540.JPG</path>
	<source>
		<database>Unknown</database>
	</source>
	<size>
		<width>340</width>
		<height>226</height>
		<depth>3</depth>
	</size>
	<segmented>0</segmented>
	<object>
		<name>airpods</name>
		<pose>Unspecified</pose>
		<truncated>0</truncated>
		<difficult>0</difficult>
		<bndbox>
			<xmin>59</xmin>
			<ymin>45</ymin>
			<xmax>201</xmax>
			<ymax>208</ymax>
		</bndbox>
	</object>
</annotation>
