<annotation>
	<folder>airpods</folder>
	<filename>357.jpg</filename>
	<path>C:\Users\su221\1st Project\sample_img\airpods\357.jpg</path>
	<source>
		<database>Unknown</database>
	</source>
	<size>
		<width>340</width>
		<height>255</height>
		<depth>3</depth>
	</size>
	<segmented>0</segmented>
	<object>
		<name>airpods</name>
		<pose>Unspecified</pose>
		<truncated>0</truncated>
		<difficult>0</difficult>
		<bndbox>
			<xmin>201</xmin>
			<ymin>84</ymin>
			<xmax>253</xmax>
			<ymax>148</ymax>
		</bndbox>
	</object>
	<object>
		<name>airpods</name>
		<pose>Unspecified</pose>
		<truncated>0</truncated>
		<difficult>0</difficult>
		<bndbox>
			<xmin>95</xmin>
			<ymin>76</ymin>
			<xmax>145</xmax>
			<ymax>140</ymax>
		</bndbox>
	</object>
</annotation>
