<annotation>
	<folder>airpods</folder>
	<filename>492.jpg</filename>
	<path>C:\Users\su221\1st Project\sample_img\airpods\492.jpg</path>
	<source>
		<database>Unknown</database>
	</source>
	<size>
		<width>340</width>
		<height>453</height>
		<depth>3</depth>
	</size>
	<segmented>0</segmented>
	<object>
		<name>airpods</name>
		<pose>Unspecified</pose>
		<truncated>0</truncated>
		<difficult>0</difficult>
		<bndbox>
			<xmin>7</xmin>
			<ymin>27</ymin>
			<xmax>266</xmax>
			<ymax>301</ymax>
		</bndbox>
	</object>
	<object>
		<name>airpods</name>
		<pose>Unspecified</pose>
		<truncated>0</truncated>
		<difficult>0</difficult>
		<bndbox>
			<xmin>55</xmin>
			<ymin>325</ymin>
			<xmax>238</xmax>
			<ymax>396</ymax>
		</bndbox>
	</object>
</annotation>
