<annotation>
	<folder>airpods</folder>
	<filename>29.JPG</filename>
	<path>C:\Users\su221\1st Project\sample_img\airpods\29.JPG</path>
	<source>
		<database>Unknown</database>
	</source>
	<size>
		<width>340</width>
		<height>227</height>
		<depth>3</depth>
	</size>
	<segmented>0</segmented>
	<object>
		<name>airpods</name>
		<pose>Unspecified</pose>
		<truncated>0</truncated>
		<difficult>0</difficult>
		<bndbox>
			<xmin>101</xmin>
			<ymin>39</ymin>
			<xmax>260</xmax>
			<ymax>175</ymax>
		</bndbox>
	</object>
</annotation>
