<annotation>
	<folder>airpods</folder>
	<filename>66.jpg</filename>
	<path>C:\Users\su221\1st Project\sample_img\airpods\66.jpg</path>
	<source>
		<database>Unknown</database>
	</source>
	<size>
		<width>340</width>
		<height>255</height>
		<depth>3</depth>
	</size>
	<segmented>0</segmented>
	<object>
		<name>airpods</name>
		<pose>Unspecified</pose>
		<truncated>0</truncated>
		<difficult>0</difficult>
		<bndbox>
			<xmin>73</xmin>
			<ymin>30</ymin>
			<xmax>217</xmax>
			<ymax>164</ymax>
		</bndbox>
	</object>
	<object>
		<name>airpods</name>
		<pose>Unspecified</pose>
		<truncated>0</truncated>
		<difficult>0</difficult>
		<bndbox>
			<xmin>230</xmin>
			<ymin>126</ymin>
			<xmax>280</xmax>
			<ymax>199</ymax>
		</bndbox>
	</object>
	<object>
		<name>airpods</name>
		<pose>Unspecified</pose>
		<truncated>0</truncated>
		<difficult>0</difficult>
		<bndbox>
			<xmin>172</xmin>
			<ymin>159</ymin>
			<xmax>224</xmax>
			<ymax>229</ymax>
		</bndbox>
	</object>
</annotation>
