<annotation>
	<folder>airpods</folder>
	<filename>408.jpg</filename>
	<path>C:\Users\su221\1st Project\sample_img\airpods\408.jpg</path>
	<source>
		<database>Unknown</database>
	</source>
	<size>
		<width>340</width>
		<height>453</height>
		<depth>3</depth>
	</size>
	<segmented>0</segmented>
	<object>
		<name>airpods</name>
		<pose>Unspecified</pose>
		<truncated>0</truncated>
		<difficult>0</difficult>
		<bndbox>
			<xmin>21</xmin>
			<ymin>160</ymin>
			<xmax>163</xmax>
			<ymax>329</ymax>
		</bndbox>
	</object>
	<object>
		<name>airpods</name>
		<pose>Unspecified</pose>
		<truncated>0</truncated>
		<difficult>0</difficult>
		<bndbox>
			<xmin>183</xmin>
			<ymin>186</ymin>
			<xmax>226</xmax>
			<ymax>304</ymax>
		</bndbox>
	</object>
	<object>
		<name>airpods</name>
		<pose>Unspecified</pose>
		<truncated>0</truncated>
		<difficult>0</difficult>
		<bndbox>
			<xmin>238</xmin>
			<ymin>187</ymin>
			<xmax>291</xmax>
			<ymax>304</ymax>
		</bndbox>
	</object>
</annotation>
