<annotation>
	<folder>airpods</folder>
	<filename>442.png</filename>
	<path>C:\Users\su221\1st Project\sample_img\airpods\442.png</path>
	<source>
		<database>Unknown</database>
	</source>
	<size>
		<width>0</width>
		<height>0</height>
		<depth>3</depth>
	</size>
	<segmented>0</segmented>
	<object>
		<name>airpods</name>
		<pose>Unspecified</pose>
		<truncated>0</truncated>
		<difficult>0</difficult>
		<bndbox>
			<xmin>6</xmin>
			<ymin>117</ymin>
			<xmax>135</xmax>
			<ymax>228</ymax>
		</bndbox>
	</object>
</annotation>
