<annotation>
	<folder>airpods</folder>
	<filename>24.jpg</filename>
	<path>C:\Users\su221\1st Project\sample_img\airpods\24.jpg</path>
	<source>
		<database>Unknown</database>
	</source>
	<size>
		<width>340</width>
		<height>340</height>
		<depth>3</depth>
	</size>
	<segmented>0</segmented>
	<object>
		<name>airpods</name>
		<pose>Unspecified</pose>
		<truncated>0</truncated>
		<difficult>0</difficult>
		<bndbox>
			<xmin>34</xmin>
			<ymin>138</ymin>
			<xmax>167</xmax>
			<ymax>241</ymax>
		</bndbox>
	</object>
	<object>
		<name>airpods</name>
		<pose>Unspecified</pose>
		<truncated>0</truncated>
		<difficult>0</difficult>
		<bndbox>
			<xmin>167</xmin>
			<ymin>238</ymin>
			<xmax>235</xmax>
			<ymax>314</ymax>
		</bndbox>
	</object>
	<object>
		<name>airpods</name>
		<pose>Unspecified</pose>
		<truncated>0</truncated>
		<difficult>0</difficult>
		<bndbox>
			<xmin>228</xmin>
			<ymin>188</ymin>
			<xmax>283</xmax>
			<ymax>262</ymax>
		</bndbox>
	</object>
</annotation>
