<annotation>
	<folder>airpods</folder>
	<filename>311.jpg</filename>
	<path>C:\Users\su221\1st Project\sample_img\airpods\311.jpg</path>
	<source>
		<database>Unknown</database>
	</source>
	<size>
		<width>340</width>
		<height>453</height>
		<depth>3</depth>
	</size>
	<segmented>0</segmented>
	<object>
		<name>airpods</name>
		<pose>Unspecified</pose>
		<truncated>0</truncated>
		<difficult>0</difficult>
		<bndbox>
			<xmin>80</xmin>
			<ymin>148</ymin>
			<xmax>249</xmax>
			<ymax>326</ymax>
		</bndbox>
	</object>
	<object>
		<name>airpods</name>
		<pose>Unspecified</pose>
		<truncated>0</truncated>
		<difficult>0</difficult>
		<bndbox>
			<xmin>188</xmin>
			<ymin>351</ymin>
			<xmax>255</xmax>
			<ymax>440</ymax>
		</bndbox>
	</object>
</annotation>
