<annotation>
	<folder>airpods</folder>
	<filename>359.JPG</filename>
	<path>C:\Users\su221\1st Project\sample_img\airpods\359.JPG</path>
	<source>
		<database>Unknown</database>
	</source>
	<size>
		<width>340</width>
		<height>227</height>
		<depth>3</depth>
	</size>
	<segmented>0</segmented>
	<object>
		<name>airpods</name>
		<pose>Unspecified</pose>
		<truncated>0</truncated>
		<difficult>0</difficult>
		<bndbox>
			<xmin>198</xmin>
			<ymin>91</ymin>
			<xmax>286</xmax>
			<ymax>155</ymax>
		</bndbox>
	</object>
	<object>
		<name>airpods</name>
		<pose>Unspecified</pose>
		<truncated>0</truncated>
		<difficult>0</difficult>
		<bndbox>
			<xmin>177</xmin>
			<ymin>133</ymin>
			<xmax>220</xmax>
			<ymax>176</ymax>
		</bndbox>
	</object>
	<object>
		<name>airpods</name>
		<pose>Unspecified</pose>
		<truncated>0</truncated>
		<difficult>0</difficult>
		<bndbox>
			<xmin>145</xmin>
			<ymin>155</ymin>
			<xmax>191</xmax>
			<ymax>198</ymax>
		</bndbox>
	</object>
</annotation>
