<annotation>
	<folder>airpods</folder>
	<filename>62.jpg</filename>
	<path>C:\Users\su221\1st Project\sample_img\airpods\62.jpg</path>
	<source>
		<database>Unknown</database>
	</source>
	<size>
		<width>340</width>
		<height>255</height>
		<depth>3</depth>
	</size>
	<segmented>0</segmented>
	<object>
		<name>airpods</name>
		<pose>Unspecified</pose>
		<truncated>0</truncated>
		<difficult>0</difficult>
		<bndbox>
			<xmin>172</xmin>
			<ymin>74</ymin>
			<xmax>200</xmax>
			<ymax>139</ymax>
		</bndbox>
	</object>
	<object>
		<name>airpods</name>
		<pose>Unspecified</pose>
		<truncated>0</truncated>
		<difficult>0</difficult>
		<bndbox>
			<xmin>125</xmin>
			<ymin>68</ymin>
			<xmax>155</xmax>
			<ymax>129</ymax>
		</bndbox>
	</object>
</annotation>
