<annotation>
	<folder>airpods</folder>
	<filename>121.jpeg</filename>
	<path>C:\Users\su221\1st Project\sample_img\airpods\121.jpeg</path>
	<source>
		<database>Unknown</database>
	</source>
	<size>
		<width>340</width>
		<height>340</height>
		<depth>3</depth>
	</size>
	<segmented>0</segmented>
	<object>
		<name>airpods</name>
		<pose>Unspecified</pose>
		<truncated>0</truncated>
		<difficult>0</difficult>
		<bndbox>
			<xmin>51</xmin>
			<ymin>107</ymin>
			<xmax>151</xmax>
			<ymax>247</ymax>
		</bndbox>
	</object>
	<object>
		<name>airpods</name>
		<pose>Unspecified</pose>
		<truncated>0</truncated>
		<difficult>0</difficult>
		<bndbox>
			<xmin>195</xmin>
			<ymin>108</ymin>
			<xmax>247</xmax>
			<ymax>261</ymax>
		</bndbox>
	</object>
</annotation>
