<annotation>
	<folder>airpods</folder>
	<filename>327.jpg</filename>
	<path>C:\Users\su221\1st Project\sample_img\airpods\327.jpg</path>
	<source>
		<database>Unknown</database>
	</source>
	<size>
		<width>0</width>
		<height>0</height>
		<depth>3</depth>
	</size>
	<segmented>0</segmented>
	<object>
		<name>airpods</name>
		<pose>Unspecified</pose>
		<truncated>0</truncated>
		<difficult>0</difficult>
		<bndbox>
			<xmin>72</xmin>
			<ymin>149</ymin>
			<xmax>221</xmax>
			<ymax>322</ymax>
		</bndbox>
	</object>
</annotation>
