<annotation>
	<folder>airpods</folder>
	<filename>267.jpg</filename>
	<path>C:\Users\su221\1st Project\sample_img\airpods\267.jpg</path>
	<source>
		<database>Unknown</database>
	</source>
	<size>
		<width>340</width>
		<height>453</height>
		<depth>3</depth>
	</size>
	<segmented>0</segmented>
	<object>
		<name>airpods</name>
		<pose>Unspecified</pose>
		<truncated>1</truncated>
		<difficult>0</difficult>
		<bndbox>
			<xmin>27</xmin>
			<ymin>133</ymin>
			<xmax>340</xmax>
			<ymax>452</ymax>
		</bndbox>
	</object>
</annotation>
