<annotation>
	<folder>airpods</folder>
	<filename>222.jpg</filename>
	<path>C:\Users\su221\1st Project\sample_img\airpods\222.jpg</path>
	<source>
		<database>Unknown</database>
	</source>
	<size>
		<width>340</width>
		<height>340</height>
		<depth>3</depth>
	</size>
	<segmented>0</segmented>
	<object>
		<name>airpods</name>
		<pose>Unspecified</pose>
		<truncated>0</truncated>
		<difficult>0</difficult>
		<bndbox>
			<xmin>87</xmin>
			<ymin>141</ymin>
			<xmax>167</xmax>
			<ymax>209</ymax>
		</bndbox>
	</object>
	<object>
		<name>airpods</name>
		<pose>Unspecified</pose>
		<truncated>0</truncated>
		<difficult>0</difficult>
		<bndbox>
			<xmin>45</xmin>
			<ymin>202</ymin>
			<xmax>135</xmax>
			<ymax>252</ymax>
		</bndbox>
	</object>
	<object>
		<name>airpods</name>
		<pose>Unspecified</pose>
		<truncated>0</truncated>
		<difficult>0</difficult>
		<bndbox>
			<xmin>173</xmin>
			<ymin>145</ymin>
			<xmax>300</xmax>
			<ymax>287</ymax>
		</bndbox>
	</object>
</annotation>
