<annotation>
	<folder>airpods</folder>
	<filename>371.jpg</filename>
	<path>C:\Users\su221\1st Project\sample_img\airpods\371.jpg</path>
	<source>
		<database>Unknown</database>
	</source>
	<size>
		<width>340</width>
		<height>255</height>
		<depth>3</depth>
	</size>
	<segmented>0</segmented>
	<object>
		<name>airpods</name>
		<pose>Unspecified</pose>
		<truncated>0</truncated>
		<difficult>0</difficult>
		<bndbox>
			<xmin>232</xmin>
			<ymin>127</ymin>
			<xmax>278</xmax>
			<ymax>196</ymax>
		</bndbox>
	</object>
	<object>
		<name>airpods</name>
		<pose>Unspecified</pose>
		<truncated>0</truncated>
		<difficult>0</difficult>
		<bndbox>
			<xmin>171</xmin>
			<ymin>157</ymin>
			<xmax>220</xmax>
			<ymax>232</ymax>
		</bndbox>
	</object>
	<object>
		<name>airpods</name>
		<pose>Unspecified</pose>
		<truncated>0</truncated>
		<difficult>0</difficult>
		<bndbox>
			<xmin>73</xmin>
			<ymin>29</ymin>
			<xmax>218</xmax>
			<ymax>165</ymax>
		</bndbox>
	</object>
</annotation>
