<annotation>
	<folder>airpods</folder>
	<filename>302.jpg</filename>
	<path>C:\Users\su221\1st Project\sample_img\airpods\302.jpg</path>
	<source>
		<database>Unknown</database>
	</source>
	<size>
		<width>340</width>
		<height>340</height>
		<depth>3</depth>
	</size>
	<segmented>0</segmented>
	<object>
		<name>airpods</name>
		<pose>Unspecified</pose>
		<truncated>0</truncated>
		<difficult>0</difficult>
		<bndbox>
			<xmin>35</xmin>
			<ymin>137</ymin>
			<xmax>167</xmax>
			<ymax>242</ymax>
		</bndbox>
	</object>
	<object>
		<name>airpods</name>
		<pose>Unspecified</pose>
		<truncated>0</truncated>
		<difficult>0</difficult>
		<bndbox>
			<xmin>228</xmin>
			<ymin>189</ymin>
			<xmax>280</xmax>
			<ymax>258</ymax>
		</bndbox>
	</object>
	<object>
		<name>airpods</name>
		<pose>Unspecified</pose>
		<truncated>0</truncated>
		<difficult>0</difficult>
		<bndbox>
			<xmin>170</xmin>
			<ymin>238</ymin>
			<xmax>230</xmax>
			<ymax>315</ymax>
		</bndbox>
	</object>
</annotation>
