<annotation>
	<folder>airpods</folder>
	<filename>307.png</filename>
	<path>C:\Users\su221\1st Project\sample_img\airpods\307.png</path>
	<source>
		<database>Unknown</database>
	</source>
	<size>
		<width>0</width>
		<height>0</height>
		<depth>3</depth>
	</size>
	<segmented>0</segmented>
	<object>
		<name>airpods</name>
		<pose>Unspecified</pose>
		<truncated>0</truncated>
		<difficult>0</difficult>
		<bndbox>
			<xmin>138</xmin>
			<ymin>37</ymin>
			<xmax>225</xmax>
			<ymax>116</ymax>
		</bndbox>
	</object>
	<object>
		<name>airpods</name>
		<pose>Unspecified</pose>
		<truncated>0</truncated>
		<difficult>0</difficult>
		<bndbox>
			<xmin>70</xmin>
			<ymin>74</ymin>
			<xmax>157</xmax>
			<ymax>161</ymax>
		</bndbox>
	</object>
</annotation>
