<annotation>
	<folder>airpods</folder>
	<filename>397.jpg</filename>
	<path>C:\Users\su221\1st Project\sample_img\airpods\397.jpg</path>
	<source>
		<database>Unknown</database>
	</source>
	<size>
		<width>340</width>
		<height>227</height>
		<depth>3</depth>
	</size>
	<segmented>0</segmented>
	<object>
		<name>airpods</name>
		<pose>Unspecified</pose>
		<truncated>0</truncated>
		<difficult>0</difficult>
		<bndbox>
			<xmin>100</xmin>
			<ymin>71</ymin>
			<xmax>254</xmax>
			<ymax>192</ymax>
		</bndbox>
	</object>
	<object>
		<name>airpods</name>
		<pose>Unspecified</pose>
		<truncated>0</truncated>
		<difficult>0</difficult>
		<bndbox>
			<xmin>103</xmin>
			<ymin>74</ymin>
			<xmax>156</xmax>
			<ymax>136</ymax>
		</bndbox>
	</object>
</annotation>
