<annotation>
	<folder>airpods</folder>
	<filename>368.jpg</filename>
	<path>C:\Users\su221\1st Project\sample_img\airpods\368.jpg</path>
	<source>
		<database>Unknown</database>
	</source>
	<size>
		<width>340</width>
		<height>255</height>
		<depth>3</depth>
	</size>
	<segmented>0</segmented>
	<object>
		<name>airpods</name>
		<pose>Unspecified</pose>
		<truncated>0</truncated>
		<difficult>0</difficult>
		<bndbox>
			<xmin>195</xmin>
			<ymin>95</ymin>
			<xmax>297</xmax>
			<ymax>214</ymax>
		</bndbox>
	</object>
	<object>
		<name>airpods</name>
		<pose>Unspecified</pose>
		<truncated>0</truncated>
		<difficult>0</difficult>
		<bndbox>
			<xmin>60</xmin>
			<ymin>80</ymin>
			<xmax>183</xmax>
			<ymax>183</ymax>
		</bndbox>
	</object>
</annotation>
