<annotation>
	<folder>airpods</folder>
	<filename>502.jpg</filename>
	<path>C:\Users\su221\1st Project\sample_img\airpods\502.jpg</path>
	<source>
		<database>Unknown</database>
	</source>
	<size>
		<width>340</width>
		<height>255</height>
		<depth>3</depth>
	</size>
	<segmented>0</segmented>
	<object>
		<name>airpods</name>
		<pose>Unspecified</pose>
		<truncated>0</truncated>
		<difficult>0</difficult>
		<bndbox>
			<xmin>109</xmin>
			<ymin>132</ymin>
			<xmax>160</xmax>
			<ymax>204</ymax>
		</bndbox>
	</object>
	<object>
		<name>airpods</name>
		<pose>Unspecified</pose>
		<truncated>0</truncated>
		<difficult>0</difficult>
		<bndbox>
			<xmin>200</xmin>
			<ymin>125</ymin>
			<xmax>253</xmax>
			<ymax>198</ymax>
		</bndbox>
	</object>
</annotation>
