<annotation>
	<folder>airpods</folder>
	<filename>352.JPG</filename>
	<path>C:\Users\su221\1st Project\sample_img\airpods\352.JPG</path>
	<source>
		<database>Unknown</database>
	</source>
	<size>
		<width>340</width>
		<height>227</height>
		<depth>3</depth>
	</size>
	<segmented>0</segmented>
	<object>
		<name>airpods</name>
		<pose>Unspecified</pose>
		<truncated>0</truncated>
		<difficult>0</difficult>
		<bndbox>
			<xmin>186</xmin>
			<ymin>97</ymin>
			<xmax>249</xmax>
			<ymax>134</ymax>
		</bndbox>
	</object>
	<object>
		<name>airpods</name>
		<pose>Unspecified</pose>
		<truncated>0</truncated>
		<difficult>0</difficult>
		<bndbox>
			<xmin>90</xmin>
			<ymin>96</ymin>
			<xmax>151</xmax>
			<ymax>133</ymax>
		</bndbox>
	</object>
</annotation>
