<annotation>
	<folder>airpods</folder>
	<filename>4.jpg</filename>
	<path>C:\Users\su221\1st Project\sample_img\airpods\4.jpg</path>
	<source>
		<database>Unknown</database>
	</source>
	<size>
		<width>340</width>
		<height>255</height>
		<depth>3</depth>
	</size>
	<segmented>0</segmented>
	<object>
		<name>airpods</name>
		<pose>Unspecified</pose>
		<truncated>0</truncated>
		<difficult>0</difficult>
		<bndbox>
			<xmin>162</xmin>
			<ymin>43</ymin>
			<xmax>302</xmax>
			<ymax>180</ymax>
		</bndbox>
	</object>
	<object>
		<name>airpods</name>
		<pose>Unspecified</pose>
		<truncated>0</truncated>
		<difficult>0</difficult>
		<bndbox>
			<xmin>120</xmin>
			<ymin>63</ymin>
			<xmax>194</xmax>
			<ymax>221</ymax>
		</bndbox>
	</object>
</annotation>
