<annotation>
	<folder>airpods</folder>
	<filename>517.jpg</filename>
	<path>C:\Users\su221\1st Project\sample_img\airpods\517.jpg</path>
	<source>
		<database>Unknown</database>
	</source>
	<size>
		<width>340</width>
		<height>340</height>
		<depth>3</depth>
	</size>
	<segmented>0</segmented>
	<object>
		<name>airpods</name>
		<pose>Unspecified</pose>
		<truncated>0</truncated>
		<difficult>0</difficult>
		<bndbox>
			<xmin>212</xmin>
			<ymin>132</ymin>
			<xmax>303</xmax>
			<ymax>240</ymax>
		</bndbox>
	</object>
	<object>
		<name>airpods</name>
		<pose>Unspecified</pose>
		<truncated>0</truncated>
		<difficult>0</difficult>
		<bndbox>
			<xmin>68</xmin>
			<ymin>145</ymin>
			<xmax>165</xmax>
			<ymax>255</ymax>
		</bndbox>
	</object>
</annotation>
