<annotation>
	<folder>tabletcomputer</folder>
	<filename>16.jpg</filename>
	<path>C:\Users\jooye\OneDrive - dongguk.edu\data campus\project\Crawling\data\tabletcomputer\16.jpg</path>
	<source>
		<database>Unknown</database>
	</source>
	<size>
		<width>340</width>
		<height>262</height>
		<depth>3</depth>
	</size>
	<segmented>0</segmented>
	<object>
		<name>tablet computer</name>
		<pose>Unspecified</pose>
		<truncated>0</truncated>
		<difficult>0</difficult>
		<bndbox>
			<xmin>134</xmin>
			<ymin>108</ymin>
			<xmax>233</xmax>
			<ymax>193</ymax>
		</bndbox>
	</object>
	<object>
		<name>laptop</name>
		<pose>Unspecified</pose>
		<truncated>0</truncated>
		<difficult>0</difficult>
		<bndbox>
			<xmin>232</xmin>
			<ymin>53</ymin>
			<xmax>321</xmax>
			<ymax>175</ymax>
		</bndbox>
	</object>
</annotation>
