<annotation>
	<folder>tablet computer</folder>
	<filename>tabletcomputer_193.jpg</filename>
	<path>C:\Users\jooye\OneDrive - dongguk.edu\data campus\project\Crawling\downloads\tablet computer\tabletcomputer_193.jpg</path>
	<source>
		<database>Unknown</database>
	</source>
	<size>
		<width>1388</width>
		<height>1388</height>
		<depth>3</depth>
	</size>
	<segmented>0</segmented>
	<object>
		<name>tablet computer</name>
		<pose>Unspecified</pose>
		<truncated>0</truncated>
		<difficult>0</difficult>
		<bndbox>
			<xmin>250</xmin>
			<ymin>135</ymin>
			<xmax>1034</xmax>
			<ymax>1256</ymax>
		</bndbox>
	</object>
</annotation>
