<annotation>
	<folder>tablet computer</folder>
	<filename>tabletcomputer_177.jpg</filename>
	<path>C:\Users\jooye\OneDrive - dongguk.edu\data campus\project\Crawling\downloads\tablet computer\tabletcomputer_177.jpg</path>
	<source>
		<database>Unknown</database>
	</source>
	<size>
		<width>1144</width>
		<height>1144</height>
		<depth>3</depth>
	</size>
	<segmented>0</segmented>
	<object>
		<name>tablet computer</name>
		<pose>Unspecified</pose>
		<truncated>0</truncated>
		<difficult>0</difficult>
		<bndbox>
			<xmin>310</xmin>
			<ymin>104</ymin>
			<xmax>1015</xmax>
			<ymax>1130</ymax>
		</bndbox>
	</object>
	<object>
		<name>tablet computer</name>
		<pose>Unspecified</pose>
		<truncated>0</truncated>
		<difficult>0</difficult>
		<bndbox>
			<xmin>145</xmin>
			<ymin>103</ymin>
			<xmax>723</xmax>
			<ymax>1130</ymax>
		</bndbox>
	</object>
</annotation>
