<annotation>
	<folder>tablet computer</folder>
	<filename>tabletcomputer_331.jpg</filename>
	<path>C:\Users\jooye\OneDrive - dongguk.edu\data campus\project\Crawling\downloads\tablet computer\tabletcomputer_331.jpg</path>
	<source>
		<database>Unknown</database>
	</source>
	<size>
		<width>1312</width>
		<height>738</height>
		<depth>3</depth>
	</size>
	<segmented>0</segmented>
	<object>
		<name>tablet computer</name>
		<pose>Unspecified</pose>
		<truncated>0</truncated>
		<difficult>0</difficult>
		<bndbox>
			<xmin>494</xmin>
			<ymin>63</ymin>
			<xmax>1038</xmax>
			<ymax>730</ymax>
		</bndbox>
	</object>
	<object>
		<name>tablet computer</name>
		<pose>Unspecified</pose>
		<truncated>0</truncated>
		<difficult>0</difficult>
		<bndbox>
			<xmin>413</xmin>
			<ymin>88</ymin>
			<xmax>844</xmax>
			<ymax>693</ymax>
		</bndbox>
	</object>
</annotation>
