<annotation>
	<folder>tablet computer</folder>
	<filename>tabletcomputer_241.jpg</filename>
	<path>C:\Users\jooye\OneDrive - dongguk.edu\data campus\project\Crawling\downloads\tablet computer\tabletcomputer_241.jpg</path>
	<source>
		<database>Unknown</database>
	</source>
	<size>
		<width>1999</width>
		<height>1125</height>
		<depth>3</depth>
	</size>
	<segmented>0</segmented>
	<object>
		<name>tablet computer</name>
		<pose>Unspecified</pose>
		<truncated>0</truncated>
		<difficult>0</difficult>
		<bndbox>
			<xmin>579</xmin>
			<ymin>134</ymin>
			<xmax>1369</xmax>
			<ymax>912</ymax>
		</bndbox>
	</object>
</annotation>
