<annotation>
	<folder>tablet computer</folder>
	<filename>tabletcomputer_284.jpg</filename>
	<path>C:\Users\jooye\OneDrive - dongguk.edu\data campus\project\Crawling\downloads\tablet computer\tabletcomputer_284.jpg</path>
	<source>
		<database>Unknown</database>
	</source>
	<size>
		<width>598</width>
		<height>397</height>
		<depth>3</depth>
	</size>
	<segmented>0</segmented>
	<object>
		<name>tablet computer</name>
		<pose>Unspecified</pose>
		<truncated>0</truncated>
		<difficult>0</difficult>
		<bndbox>
			<xmin>83</xmin>
			<ymin>54</ymin>
			<xmax>273</xmax>
			<ymax>342</ymax>
		</bndbox>
	</object>
	<object>
		<name>tablet computer</name>
		<pose>Unspecified</pose>
		<truncated>0</truncated>
		<difficult>0</difficult>
		<bndbox>
			<xmin>290</xmin>
			<ymin>126</ymin>
			<xmax>563</xmax>
			<ymax>346</ymax>
		</bndbox>
	</object>
</annotation>
