<annotation>
	<folder>tablet computer</folder>
	<filename>tabletcomputer_464.jpg</filename>
	<path>C:\Users\jooye\OneDrive - dongguk.edu\data campus\project\Crawling\downloads\tablet computer\tabletcomputer_464.jpg</path>
	<source>
		<database>Unknown</database>
	</source>
	<size>
		<width>726</width>
		<height>450</height>
		<depth>3</depth>
	</size>
	<segmented>0</segmented>
	<object>
		<name>tablet computer</name>
		<pose>Unspecified</pose>
		<truncated>0</truncated>
		<difficult>0</difficult>
		<bndbox>
			<xmin>48</xmin>
			<ymin>48</ymin>
			<xmax>569</xmax>
			<ymax>373</ymax>
		</bndbox>
	</object>
	<object>
		<name>tablet computer</name>
		<pose>Unspecified</pose>
		<truncated>0</truncated>
		<difficult>0</difficult>
		<bndbox>
			<xmin>256</xmin>
			<ymin>139</ymin>
			<xmax>634</xmax>
			<ymax>395</ymax>
		</bndbox>
	</object>
</annotation>
