<annotation>
	<folder>tablet computer</folder>
	<filename>tabletcomputer_88.jpg</filename>
	<path>C:\Users\jooye\OneDrive - dongguk.edu\data campus\project\Crawling\downloads\tablet computer\tabletcomputer_88.jpg</path>
	<source>
		<database>Unknown</database>
	</source>
	<size>
		<width>1323</width>
		<height>1500</height>
		<depth>3</depth>
	</size>
	<segmented>0</segmented>
	<object>
		<name>tablet computer</name>
		<pose>Unspecified</pose>
		<truncated>1</truncated>
		<difficult>0</difficult>
		<bndbox>
			<xmin>241</xmin>
			<ymin>1</ymin>
			<xmax>1320</xmax>
			<ymax>1500</ymax>
		</bndbox>
	</object>
	<object>
		<name>tablet computer</name>
		<pose>Unspecified</pose>
		<truncated>0</truncated>
		<difficult>0</difficult>
		<bndbox>
			<xmin>2</xmin>
			<ymin>2</ymin>
			<xmax>1083</xmax>
			<ymax>1499</ymax>
		</bndbox>
	</object>
</annotation>
