<annotation>
	<folder>tablet computer</folder>
	<filename>tabletcomputer_13.jpg</filename>
	<path>C:\Users\jooye\OneDrive - dongguk.edu\data campus\project\Crawling\downloads\tablet computer\tabletcomputer_13.jpg</path>
	<source>
		<database>Unknown</database>
	</source>
	<size>
		<width>1284</width>
		<height>1500</height>
		<depth>3</depth>
	</size>
	<segmented>0</segmented>
	<object>
		<name>tablet computer</name>
		<pose>Unspecified</pose>
		<truncated>1</truncated>
		<difficult>0</difficult>
		<bndbox>
			<xmin>244</xmin>
			<ymin>6</ymin>
			<xmax>1283</xmax>
			<ymax>1500</ymax>
		</bndbox>
	</object>
	<object>
		<name>tablet computer</name>
		<pose>Unspecified</pose>
		<truncated>1</truncated>
		<difficult>0</difficult>
		<bndbox>
			<xmin>5</xmin>
			<ymin>4</ymin>
			<xmax>965</xmax>
			<ymax>1500</ymax>
		</bndbox>
	</object>
</annotation>
