<annotation>
	<folder>tablet computer</folder>
	<filename>tabletcomputer_167.jpg</filename>
	<path>C:\Users\jooye\OneDrive - dongguk.edu\data campus\project\Crawling\downloads\tablet computer\tabletcomputer_167.jpg</path>
	<source>
		<database>Unknown</database>
	</source>
	<size>
		<width>4500</width>
		<height>3000</height>
		<depth>3</depth>
	</size>
	<segmented>0</segmented>
	<object>
		<name>tablet computer</name>
		<pose>Unspecified</pose>
		<truncated>0</truncated>
		<difficult>0</difficult>
		<bndbox>
			<xmin>999</xmin>
			<ymin>520</ymin>
			<xmax>3505</xmax>
			<ymax>2505</ymax>
		</bndbox>
	</object>
</annotation>
