<annotation>
	<folder>tablet computer</folder>
	<filename>tabletcomputer_57.jpg</filename>
	<path>C:\Users\jooye\OneDrive - dongguk.edu\data campus\project\Crawling\downloads\tablet computer\tabletcomputer_57.jpg</path>
	<source>
		<database>Unknown</database>
	</source>
	<size>
		<width>1173</width>
		<height>1600</height>
		<depth>3</depth>
	</size>
	<segmented>0</segmented>
	<object>
		<name>tablet computer</name>
		<pose>Unspecified</pose>
		<truncated>1</truncated>
		<difficult>0</difficult>
		<bndbox>
			<xmin>8</xmin>
			<ymin>3</ymin>
			<xmax>1173</xmax>
			<ymax>1590</ymax>
		</bndbox>
	</object>
</annotation>
