<annotation>
	<folder>tablet computer</folder>
	<filename>tabletcomputer_44.jpg</filename>
	<path>C:\Users\jooye\OneDrive - dongguk.edu\data campus\project\Crawling\downloads\tablet computer\tabletcomputer_44.jpg</path>
	<source>
		<database>Unknown</database>
	</source>
	<size>
		<width>2500</width>
		<height>2500</height>
		<depth>3</depth>
	</size>
	<segmented>0</segmented>
	<object>
		<name>tablet computer</name>
		<pose>Unspecified</pose>
		<truncated>0</truncated>
		<difficult>0</difficult>
		<bndbox>
			<xmin>557</xmin>
			<ymin>11</ymin>
			<xmax>1945</xmax>
			<ymax>2403</ymax>
		</bndbox>
	</object>
</annotation>
