<annotation>
	<folder>tablet computer</folder>
	<filename>tabletcomputer_108.jpg</filename>
	<path>C:\Users\jooye\OneDrive - dongguk.edu\data campus\project\Crawling\downloads\tablet computer\tabletcomputer_108.jpg</path>
	<source>
		<database>Unknown</database>
	</source>
	<size>
		<width>3093</width>
		<height>2950</height>
		<depth>3</depth>
	</size>
	<segmented>0</segmented>
	<object>
		<name>tablet computer</name>
		<pose>Unspecified</pose>
		<truncated>1</truncated>
		<difficult>0</difficult>
		<bndbox>
			<xmin>1166</xmin>
			<ymin>6</ymin>
			<xmax>3088</xmax>
			<ymax>2950</ymax>
		</bndbox>
	</object>
	<object>
		<name>tablet computer</name>
		<pose>Unspecified</pose>
		<truncated>0</truncated>
		<difficult>0</difficult>
		<bndbox>
			<xmin>7</xmin>
			<ymin>28</ymin>
			<xmax>1766</xmax>
			<ymax>2917</ymax>
		</bndbox>
	</object>
</annotation>
