<annotation>
	<folder>tablet computer</folder>
	<filename>tabletcomputer_293.jpg</filename>
	<path>C:\Users\jooye\OneDrive - dongguk.edu\data campus\project\Crawling\downloads\tablet computer\tabletcomputer_293.jpg</path>
	<source>
		<database>Unknown</database>
	</source>
	<size>
		<width>640</width>
		<height>320</height>
		<depth>3</depth>
	</size>
	<segmented>0</segmented>
	<object>
		<name>tablet computer</name>
		<pose>Unspecified</pose>
		<truncated>1</truncated>
		<difficult>0</difficult>
		<bndbox>
			<xmin>172</xmin>
			<ymin>25</ymin>
			<xmax>453</xmax>
			<ymax>320</ymax>
		</bndbox>
	</object>
	<object>
		<name>tablet computer</name>
		<pose>Unspecified</pose>
		<truncated>1</truncated>
		<difficult>0</difficult>
		<bndbox>
			<xmin>137</xmin>
			<ymin>88</ymin>
			<xmax>288</xmax>
			<ymax>320</ymax>
		</bndbox>
	</object>
	<object>
		<name>tablet computer</name>
		<pose>Unspecified</pose>
		<truncated>1</truncated>
		<difficult>0</difficult>
		<bndbox>
			<xmin>103</xmin>
			<ymin>137</ymin>
			<xmax>240</xmax>
			<ymax>320</ymax>
		</bndbox>
	</object>
	<object>
		<name>tablet computer</name>
		<pose>Unspecified</pose>
		<truncated>1</truncated>
		<difficult>0</difficult>
		<bndbox>
			<xmin>76</xmin>
			<ymin>186</ymin>
			<xmax>202</xmax>
			<ymax>320</ymax>
		</bndbox>
	</object>
	<object>
		<name>tablet computer</name>
		<pose>Unspecified</pose>
		<truncated>1</truncated>
		<difficult>0</difficult>
		<bndbox>
			<xmin>55</xmin>
			<ymin>236</ymin>
			<xmax>153</xmax>
			<ymax>320</ymax>
		</bndbox>
	</object>
</annotation>
