<annotation>
	<folder>tablet computer</folder>
	<filename>tabletcomputer_242.jpg</filename>
	<path>C:\Users\jooye\OneDrive - dongguk.edu\data campus\project\Crawling\downloads\tablet computer\tabletcomputer_242.jpg</path>
	<source>
		<database>Unknown</database>
	</source>
	<size>
		<width>396</width>
		<height>450</height>
		<depth>3</depth>
	</size>
	<segmented>0</segmented>
	<object>
		<name>tablet computer</name>
		<pose>Unspecified</pose>
		<truncated>1</truncated>
		<difficult>0</difficult>
		<bndbox>
			<xmin>52</xmin>
			<ymin>2</ymin>
			<xmax>396</xmax>
			<ymax>448</ymax>
		</bndbox>
	</object>
	<object>
		<name>tablet computer</name>
		<pose>Unspecified</pose>
		<truncated>1</truncated>
		<difficult>0</difficult>
		<bndbox>
			<xmin>1</xmin>
			<ymin>1</ymin>
			<xmax>322</xmax>
			<ymax>450</ymax>
		</bndbox>
	</object>
</annotation>
