<annotation>
	<folder>tablet computer</folder>
	<filename>tabletcomputer_195.jpg</filename>
	<path>C:\Users\jooye\OneDrive - dongguk.edu\data campus\project\Crawling\downloads\tablet computer\tabletcomputer_195.jpg</path>
	<source>
		<database>Unknown</database>
	</source>
	<size>
		<width>2143</width>
		<height>2143</height>
		<depth>3</depth>
	</size>
	<segmented>0</segmented>
	<object>
		<name>tablet computer</name>
		<pose>Unspecified</pose>
		<truncated>0</truncated>
		<difficult>0</difficult>
		<bndbox>
			<xmin>657</xmin>
			<ymin>1243</ymin>
			<xmax>1480</xmax>
			<ymax>2063</ymax>
		</bndbox>
	</object>
</annotation>
