<annotation>
	<folder>tablet computer</folder>
	<filename>tabletcomputer_304.jpg</filename>
	<path>C:\Users\jooye\OneDrive - dongguk.edu\data campus\project\Crawling\downloads\tablet computer\tabletcomputer_304.jpg</path>
	<source>
		<database>Unknown</database>
	</source>
	<size>
		<width>1420</width>
		<height>663</height>
		<depth>3</depth>
	</size>
	<segmented>0</segmented>
	<object>
		<name>tablet computer</name>
		<pose>Unspecified</pose>
		<truncated>0</truncated>
		<difficult>0</difficult>
		<bndbox>
			<xmin>440</xmin>
			<ymin>115</ymin>
			<xmax>965</xmax>
			<ymax>588</ymax>
		</bndbox>
	</object>
	<object>
		<name>tablet computer</name>
		<pose>Unspecified</pose>
		<truncated>0</truncated>
		<difficult>0</difficult>
		<bndbox>
			<xmin>862</xmin>
			<ymin>73</ymin>
			<xmax>1233</xmax>
			<ymax>451</ymax>
		</bndbox>
	</object>
</annotation>
