<annotation>
	<folder>tablet computer</folder>
	<filename>tabletcomputer_19.jpg</filename>
	<path>C:\Users\jooye\OneDrive - dongguk.edu\data campus\project\Crawling\downloads\tablet computer\tabletcomputer_19.jpg</path>
	<source>
		<database>Unknown</database>
	</source>
	<size>
		<width>1765</width>
		<height>2000</height>
		<depth>3</depth>
	</size>
	<segmented>0</segmented>
	<object>
		<name>tablet computer</name>
		<pose>Unspecified</pose>
		<truncated>1</truncated>
		<difficult>0</difficult>
		<bndbox>
			<xmin>322</xmin>
			<ymin>4</ymin>
			<xmax>1754</xmax>
			<ymax>2000</ymax>
		</bndbox>
	</object>
	<object>
		<name>tablet computer</name>
		<pose>Unspecified</pose>
		<truncated>1</truncated>
		<difficult>0</difficult>
		<bndbox>
			<xmin>6</xmin>
			<ymin>4</ymin>
			<xmax>1345</xmax>
			<ymax>2000</ymax>
		</bndbox>
	</object>
</annotation>
