<annotation>
	<folder>tablet computer</folder>
	<filename>tabletcomputer_49.jpg</filename>
	<path>C:\Users\jooye\OneDrive - dongguk.edu\data campus\project\Crawling\downloads\tablet computer\tabletcomputer_49.jpg</path>
	<source>
		<database>Unknown</database>
	</source>
	<size>
		<width>1389</width>
		<height>1062</height>
		<depth>3</depth>
	</size>
	<segmented>0</segmented>
	<object>
		<name>tablet computer</name>
		<pose>Unspecified</pose>
		<truncated>0</truncated>
		<difficult>0</difficult>
		<bndbox>
			<xmin>184</xmin>
			<ymin>124</ymin>
			<xmax>1213</xmax>
			<ymax>932</ymax>
		</bndbox>
	</object>
</annotation>
