<annotation>
	<folder>tablet computer</folder>
	<filename>tabletcomputer_412.jpg</filename>
	<path>C:\Users\jooye\OneDrive - dongguk.edu\data campus\project\Crawling\downloads\tablet computer\tabletcomputer_412.jpg</path>
	<source>
		<database>Unknown</database>
	</source>
	<size>
		<width>1420</width>
		<height>663</height>
		<depth>3</depth>
	</size>
	<segmented>0</segmented>
	<object>
		<name>tablet computer</name>
		<pose>Unspecified</pose>
		<truncated>1</truncated>
		<difficult>0</difficult>
		<bndbox>
			<xmin>438</xmin>
			<ymin>146</ymin>
			<xmax>955</xmax>
			<ymax>663</ymax>
		</bndbox>
	</object>
	<object>
		<name>tablet computer</name>
		<pose>Unspecified</pose>
		<truncated>0</truncated>
		<difficult>0</difficult>
		<bndbox>
			<xmin>217</xmin>
			<ymin>163</ymin>
			<xmax>597</xmax>
			<ymax>458</ymax>
		</bndbox>
	</object>
</annotation>
