<annotation>
	<folder>tablet computer</folder>
	<filename>tabletcomputer_214.jpg</filename>
	<path>C:\Users\jooye\OneDrive - dongguk.edu\data campus\project\Crawling\downloads\tablet computer\tabletcomputer_214.jpg</path>
	<source>
		<database>Unknown</database>
	</source>
	<size>
		<width>1620</width>
		<height>840</height>
		<depth>3</depth>
	</size>
	<segmented>0</segmented>
	<object>
		<name>tablet computer</name>
		<pose>Unspecified</pose>
		<truncated>0</truncated>
		<difficult>0</difficult>
		<bndbox>
			<xmin>256</xmin>
			<ymin>268</ymin>
			<xmax>1123</xmax>
			<ymax>701</ymax>
		</bndbox>
	</object>
	<object>
		<name>tablet computer</name>
		<pose>Unspecified</pose>
		<truncated>0</truncated>
		<difficult>0</difficult>
		<bndbox>
			<xmin>648</xmin>
			<ymin>114</ymin>
			<xmax>1273</xmax>
			<ymax>626</ymax>
		</bndbox>
	</object>
</annotation>
