<annotation>
	<folder>tablet computer</folder>
	<filename>tabletcomputer_26.jpg</filename>
	<path>C:\Users\jooye\OneDrive - dongguk.edu\data campus\project\Crawling\downloads\tablet computer\tabletcomputer_26.jpg</path>
	<source>
		<database>Unknown</database>
	</source>
	<size>
		<width>2722</width>
		<height>3087</height>
		<depth>3</depth>
	</size>
	<segmented>0</segmented>
	<object>
		<name>tablet computer</name>
		<pose>Unspecified</pose>
		<truncated>1</truncated>
		<difficult>0</difficult>
		<bndbox>
			<xmin>499</xmin>
			<ymin>3</ymin>
			<xmax>2722</xmax>
			<ymax>3083</ymax>
		</bndbox>
	</object>
	<object>
		<name>tablet computer</name>
		<pose>Unspecified</pose>
		<truncated>1</truncated>
		<difficult>0</difficult>
		<bndbox>
			<xmin>6</xmin>
			<ymin>3</ymin>
			<xmax>2189</xmax>
			<ymax>3087</ymax>
		</bndbox>
	</object>
</annotation>
