<annotation>
	<folder>tablet computer</folder>
	<filename>tabletcomputer_382.jpg</filename>
	<path>C:\Users\jooye\OneDrive - dongguk.edu\data campus\project\Crawling\downloads\tablet computer\tabletcomputer_382.jpg</path>
	<source>
		<database>Unknown</database>
	</source>
	<size>
		<width>940</width>
		<height>1112</height>
		<depth>3</depth>
	</size>
	<segmented>0</segmented>
	<object>
		<name>tablet computer</name>
		<pose>Unspecified</pose>
		<truncated>0</truncated>
		<difficult>0</difficult>
		<bndbox>
			<xmin>226</xmin>
			<ymin>164</ymin>
			<xmax>823</xmax>
			<ymax>947</ymax>
		</bndbox>
	</object>
	<object>
		<name>tablet computer</name>
		<pose>Unspecified</pose>
		<truncated>0</truncated>
		<difficult>0</difficult>
		<bndbox>
			<xmin>107</xmin>
			<ymin>161</ymin>
			<xmax>674</xmax>
			<ymax>944</ymax>
		</bndbox>
	</object>
</annotation>
