<annotation>
	<folder>tablet computer</folder>
	<filename>tabletcomputer_64.jpg</filename>
	<path>C:\Users\jooye\OneDrive - dongguk.edu\data campus\project\Crawling\downloads\tablet computer\tabletcomputer_64.jpg</path>
	<source>
		<database>Unknown</database>
	</source>
	<size>
		<width>522</width>
		<height>592</height>
		<depth>3</depth>
	</size>
	<segmented>0</segmented>
	<object>
		<name>tablet computer</name>
		<pose>Unspecified</pose>
		<truncated>1</truncated>
		<difficult>0</difficult>
		<bndbox>
			<xmin>95</xmin>
			<ymin>1</ymin>
			<xmax>522</xmax>
			<ymax>590</ymax>
		</bndbox>
	</object>
	<object>
		<name>tablet computer</name>
		<pose>Unspecified</pose>
		<truncated>1</truncated>
		<difficult>0</difficult>
		<bndbox>
			<xmin>2</xmin>
			<ymin>1</ymin>
			<xmax>319</xmax>
			<ymax>592</ymax>
		</bndbox>
	</object>
</annotation>
