<annotation>
	<folder>tablet computer</folder>
	<filename>tabletcomputer_341.jpg</filename>
	<path>C:\Users\jooye\OneDrive - dongguk.edu\data campus\project\Crawling\downloads\tablet computer\tabletcomputer_341.jpg</path>
	<source>
		<database>Unknown</database>
	</source>
	<size>
		<width>448</width>
		<height>293</height>
		<depth>3</depth>
	</size>
	<segmented>0</segmented>
	<object>
		<name>tablet computer</name>
		<pose>Unspecified</pose>
		<truncated>0</truncated>
		<difficult>0</difficult>
		<bndbox>
			<xmin>28</xmin>
			<ymin>33</ymin>
			<xmax>341</xmax>
			<ymax>229</ymax>
		</bndbox>
	</object>
</annotation>
