<annotation>
	<folder>tablet computer</folder>
	<filename>tabletcomputer_4.jpg</filename>
	<path>C:\Users\jooye\OneDrive - dongguk.edu\data campus\project\Crawling\downloads\tablet computer\tabletcomputer_4.jpg</path>
	<source>
		<database>Unknown</database>
	</source>
	<size>
		<width>698</width>
		<height>858</height>
		<depth>3</depth>
	</size>
	<segmented>0</segmented>
	<object>
		<name>tablet computer</name>
		<pose>Unspecified</pose>
		<truncated>0</truncated>
		<difficult>0</difficult>
		<bndbox>
			<xmin>39</xmin>
			<ymin>94</ymin>
			<xmax>690</xmax>
			<ymax>824</ymax>
		</bndbox>
	</object>
</annotation>
