<annotation>
	<folder>tablet computer</folder>
	<filename>tabletcomputer_46.jpg</filename>
	<path>C:\Users\jooye\OneDrive - dongguk.edu\data campus\project\Crawling\downloads\tablet computer\tabletcomputer_46.jpg</path>
	<source>
		<database>Unknown</database>
	</source>
	<size>
		<width>1136</width>
		<height>852</height>
		<depth>3</depth>
	</size>
	<segmented>0</segmented>
	<object>
		<name>tablet computer</name>
		<pose>Unspecified</pose>
		<truncated>0</truncated>
		<difficult>0</difficult>
		<bndbox>
			<xmin>93</xmin>
			<ymin>186</ymin>
			<xmax>461</xmax>
			<ymax>714</ymax>
		</bndbox>
	</object>
	<object>
		<name>tablet computer</name>
		<pose>Unspecified</pose>
		<truncated>1</truncated>
		<difficult>0</difficult>
		<bndbox>
			<xmin>571</xmin>
			<ymin>1</ymin>
			<xmax>1136</xmax>
			<ymax>813</ymax>
		</bndbox>
	</object>
</annotation>
