<annotation>
	<folder>tablet computer</folder>
	<filename>tabletcomputer_85.jpg</filename>
	<path>C:\Users\jooye\OneDrive - dongguk.edu\data campus\project\Crawling\downloads\tablet computer\tabletcomputer_85.jpg</path>
	<source>
		<database>Unknown</database>
	</source>
	<size>
		<width>1019</width>
		<height>947</height>
		<depth>3</depth>
	</size>
	<segmented>0</segmented>
	<object>
		<name>tablet computer</name>
		<pose>Unspecified</pose>
		<truncated>0</truncated>
		<difficult>0</difficult>
		<bndbox>
			<xmin>7</xmin>
			<ymin>5</ymin>
			<xmax>1011</xmax>
			<ymax>795</ymax>
		</bndbox>
	</object>
</annotation>
