<annotation>
	<folder>tablet computer</folder>
	<filename>tabletcomputer_263.jpg</filename>
	<path>C:\Users\jooye\OneDrive - dongguk.edu\data campus\project\Crawling\downloads\tablet computer\tabletcomputer_263.jpg</path>
	<source>
		<database>Unknown</database>
	</source>
	<size>
		<width>2832</width>
		<height>2894</height>
		<depth>3</depth>
	</size>
	<segmented>0</segmented>
	<object>
		<name>tablet computer</name>
		<pose>Unspecified</pose>
		<truncated>1</truncated>
		<difficult>0</difficult>
		<bndbox>
			<xmin>1114</xmin>
			<ymin>5</ymin>
			<xmax>2822</xmax>
			<ymax>2894</ymax>
		</bndbox>
	</object>
	<object>
		<name>tablet computer</name>
		<pose>Unspecified</pose>
		<truncated>0</truncated>
		<difficult>0</difficult>
		<bndbox>
			<xmin>14</xmin>
			<ymin>36</ymin>
			<xmax>1807</xmax>
			<ymax>2870</ymax>
		</bndbox>
	</object>
</annotation>
