<annotation>
	<folder>tablet computer</folder>
	<filename>tabletcomputer_269.jpg</filename>
	<path>C:\Users\jooye\OneDrive - dongguk.edu\data campus\project\Crawling\downloads\tablet computer\tabletcomputer_269.jpg</path>
	<source>
		<database>Unknown</database>
	</source>
	<size>
		<width>3613</width>
		<height>2033</height>
		<depth>3</depth>
	</size>
	<segmented>0</segmented>
	<object>
		<name>tablet computer</name>
		<pose>Unspecified</pose>
		<truncated>0</truncated>
		<difficult>0</difficult>
		<bndbox>
			<xmin>400</xmin>
			<ymin>272</ymin>
			<xmax>2682</xmax>
			<ymax>1833</ymax>
		</bndbox>
	</object>
</annotation>
