<annotation>
	<folder>tablet computer</folder>
	<filename>tabletcomputer_127.jpg</filename>
	<path>C:\Users\jooye\OneDrive - dongguk.edu\data campus\project\Crawling\downloads\tablet computer\tabletcomputer_127.jpg</path>
	<source>
		<database>Unknown</database>
	</source>
	<size>
		<width>793</width>
		<height>845</height>
		<depth>3</depth>
	</size>
	<segmented>0</segmented>
	<object>
		<name>tablet computer</name>
		<pose>Unspecified</pose>
		<truncated>0</truncated>
		<difficult>0</difficult>
		<bndbox>
			<xmin>6</xmin>
			<ymin>248</ymin>
			<xmax>621</xmax>
			<ymax>785</ymax>
		</bndbox>
	</object>
	<object>
		<name>tablet computer</name>
		<pose>Unspecified</pose>
		<truncated>1</truncated>
		<difficult>0</difficult>
		<bndbox>
			<xmin>393</xmin>
			<ymin>1</ymin>
			<xmax>793</xmax>
			<ymax>741</ymax>
		</bndbox>
	</object>
</annotation>
