<annotation>
	<folder>tablet computer</folder>
	<filename>tabletcomputer_433.jpg</filename>
	<path>C:\Users\jooye\OneDrive - dongguk.edu\data campus\project\Crawling\downloads\tablet computer\tabletcomputer_433.jpg</path>
	<source>
		<database>Unknown</database>
	</source>
	<size>
		<width>515</width>
		<height>350</height>
		<depth>3</depth>
	</size>
	<segmented>0</segmented>
	<object>
		<name>tablet computer</name>
		<pose>Unspecified</pose>
		<truncated>1</truncated>
		<difficult>0</difficult>
		<bndbox>
			<xmin>160</xmin>
			<ymin>1</ymin>
			<xmax>411</xmax>
			<ymax>348</ymax>
		</bndbox>
	</object>
	<object>
		<name>tablet computer</name>
		<pose>Unspecified</pose>
		<truncated>1</truncated>
		<difficult>0</difficult>
		<bndbox>
			<xmin>102</xmin>
			<ymin>1</ymin>
			<xmax>365</xmax>
			<ymax>349</ymax>
		</bndbox>
	</object>
</annotation>
