<annotation>
	<folder>tablet computer</folder>
	<filename>tabletcomputer_22.jpg</filename>
	<path>C:\Users\jooye\OneDrive - dongguk.edu\data campus\project\Crawling\downloads\tablet computer\tabletcomputer_22.jpg</path>
	<source>
		<database>Unknown</database>
	</source>
	<size>
		<width>1337</width>
		<height>1361</height>
		<depth>3</depth>
	</size>
	<segmented>0</segmented>
	<object>
		<name>tablet computer</name>
		<pose>Unspecified</pose>
		<truncated>1</truncated>
		<difficult>0</difficult>
		<bndbox>
			<xmin>507</xmin>
			<ymin>6</ymin>
			<xmax>1333</xmax>
			<ymax>1361</ymax>
		</bndbox>
	</object>
	<object>
		<name>tablet computer</name>
		<pose>Unspecified</pose>
		<truncated>0</truncated>
		<difficult>0</difficult>
		<bndbox>
			<xmin>7</xmin>
			<ymin>25</ymin>
			<xmax>721</xmax>
			<ymax>1337</ymax>
		</bndbox>
	</object>
</annotation>
