<annotation>
	<folder>tablet computer</folder>
	<filename>tabletcomputer_421.jpg</filename>
	<path>C:\Users\jooye\OneDrive - dongguk.edu\data campus\project\Crawling\downloads\tablet computer\tabletcomputer_421.jpg</path>
	<source>
		<database>Unknown</database>
	</source>
	<size>
		<width>2723</width>
		<height>3088</height>
		<depth>3</depth>
	</size>
	<segmented>0</segmented>
	<object>
		<name>tablet computer</name>
		<pose>Unspecified</pose>
		<truncated>1</truncated>
		<difficult>0</difficult>
		<bndbox>
			<xmin>504</xmin>
			<ymin>10</ymin>
			<xmax>2723</xmax>
			<ymax>3086</ymax>
		</bndbox>
	</object>
	<object>
		<name>tablet computer</name>
		<pose>Unspecified</pose>
		<truncated>0</truncated>
		<difficult>0</difficult>
		<bndbox>
			<xmin>7</xmin>
			<ymin>3</ymin>
			<xmax>2027</xmax>
			<ymax>3087</ymax>
		</bndbox>
	</object>
</annotation>
