<annotation>
	<folder>tablet computer</folder>
	<filename>tabletcomputer_345.jpg</filename>
	<path>C:\Users\jooye\OneDrive - dongguk.edu\data campus\project\Crawling\downloads\tablet computer\tabletcomputer_345.jpg</path>
	<source>
		<database>Unknown</database>
	</source>
	<size>
		<width>5000</width>
		<height>5000</height>
		<depth>3</depth>
	</size>
	<segmented>0</segmented>
	<object>
		<name>tablet computer</name>
		<pose>Unspecified</pose>
		<truncated>0</truncated>
		<difficult>0</difficult>
		<bndbox>
			<xmin>779</xmin>
			<ymin>593</ymin>
			<xmax>3232</xmax>
			<ymax>4346</ymax>
		</bndbox>
	</object>
	<object>
		<name>tablet computer</name>
		<pose>Unspecified</pose>
		<truncated>0</truncated>
		<difficult>0</difficult>
		<bndbox>
			<xmin>3326</xmin>
			<ymin>552</ymin>
			<xmax>3573</xmax>
			<ymax>4364</ymax>
		</bndbox>
	</object>
	<object>
		<name>tablet computer</name>
		<pose>Unspecified</pose>
		<truncated>0</truncated>
		<difficult>0</difficult>
		<bndbox>
			<xmin>3650</xmin>
			<ymin>552</ymin>
			<xmax>3879</xmax>
			<ymax>4358</ymax>
		</bndbox>
	</object>
	<object>
		<name>tablet computer</name>
		<pose>Unspecified</pose>
		<truncated>0</truncated>
		<difficult>0</difficult>
		<bndbox>
			<xmin>3973</xmin>
			<ymin>558</ymin>
			<xmax>4214</xmax>
			<ymax>4364</ymax>
		</bndbox>
	</object>
</annotation>
