<annotation>
	<folder>tablet computer</folder>
	<filename>tabletcomputer_372.jpg</filename>
	<path>C:\Users\jooye\OneDrive - dongguk.edu\data campus\project\Crawling\downloads\tablet computer\tabletcomputer_372.jpg</path>
	<source>
		<database>Unknown</database>
	</source>
	<size>
		<width>1765</width>
		<height>2000</height>
		<depth>3</depth>
	</size>
	<segmented>0</segmented>
	<object>
		<name>tablet computer</name>
		<pose>Unspecified</pose>
		<truncated>1</truncated>
		<difficult>0</difficult>
		<bndbox>
			<xmin>325</xmin>
			<ymin>4</ymin>
			<xmax>1765</xmax>
			<ymax>1994</ymax>
		</bndbox>
	</object>
	<object>
		<name>tablet computer</name>
		<pose>Unspecified</pose>
		<truncated>1</truncated>
		<difficult>0</difficult>
		<bndbox>
			<xmin>8</xmin>
			<ymin>2</ymin>
			<xmax>925</xmax>
			<ymax>2000</ymax>
		</bndbox>
	</object>
</annotation>
