<annotation>
	<folder>tablet computer</folder>
	<filename>tabletcomputer_415.jpg</filename>
	<path>C:\Users\jooye\OneDrive - dongguk.edu\data campus\project\Crawling\downloads\tablet computer\tabletcomputer_415.jpg</path>
	<source>
		<database>Unknown</database>
	</source>
	<size>
		<width>4678</width>
		<height>2631</height>
		<depth>3</depth>
	</size>
	<segmented>0</segmented>
	<object>
		<name>tablet computer</name>
		<pose>Unspecified</pose>
		<truncated>0</truncated>
		<difficult>0</difficult>
		<bndbox>
			<xmin>1314</xmin>
			<ymin>249</ymin>
			<xmax>3602</xmax>
			<ymax>1693</ymax>
		</bndbox>
	</object>
</annotation>
