<annotation>
	<folder>tablet computer</folder>
	<filename>tabletcomputer_140.jpg</filename>
	<path>C:\Users\jooye\OneDrive - dongguk.edu\data campus\project\Crawling\downloads\tablet computer\tabletcomputer_140.jpg</path>
	<source>
		<database>Unknown</database>
	</source>
	<size>
		<width>1166</width>
		<height>1280</height>
		<depth>3</depth>
	</size>
	<segmented>0</segmented>
	<object>
		<name>tablet computer</name>
		<pose>Unspecified</pose>
		<truncated>1</truncated>
		<difficult>0</difficult>
		<bndbox>
			<xmin>188</xmin>
			<ymin>8</ymin>
			<xmax>1165</xmax>
			<ymax>1280</ymax>
		</bndbox>
	</object>
	<object>
		<name>tablet computer</name>
		<pose>Unspecified</pose>
		<truncated>1</truncated>
		<difficult>0</difficult>
		<bndbox>
			<xmin>3</xmin>
			<ymin>3</ymin>
			<xmax>790</xmax>
			<ymax>1280</ymax>
		</bndbox>
	</object>
</annotation>
