<annotation>
	<folder>tablet computer</folder>
	<filename>tabletcomputer_270.jpg</filename>
	<path>C:\Users\jooye\OneDrive - dongguk.edu\data campus\project\Crawling\downloads\tablet computer\tabletcomputer_270.jpg</path>
	<source>
		<database>Unknown</database>
	</source>
	<size>
		<width>4864</width>
		<height>3648</height>
		<depth>3</depth>
	</size>
	<segmented>0</segmented>
	<object>
		<name>tablet computer</name>
		<pose>Unspecified</pose>
		<truncated>1</truncated>
		<difficult>0</difficult>
		<bndbox>
			<xmin>1717</xmin>
			<ymin>6</ymin>
			<xmax>4864</xmax>
			<ymax>2843</ymax>
		</bndbox>
	</object>
	<object>
		<name>tablet computer</name>
		<pose>Unspecified</pose>
		<truncated>1</truncated>
		<difficult>0</difficult>
		<bndbox>
			<xmin>1</xmin>
			<ymin>1559</ymin>
			<xmax>4423</xmax>
			<ymax>3647</ymax>
		</bndbox>
	</object>
</annotation>
