<annotation>
	<folder>tablet computer</folder>
	<filename>tabletcomputer_180.jpg</filename>
	<path>C:\Users\jooye\OneDrive - dongguk.edu\data campus\project\Crawling\downloads\tablet computer\tabletcomputer_180.jpg</path>
	<source>
		<database>Unknown</database>
	</source>
	<size>
		<width>1601</width>
		<height>900</height>
		<depth>3</depth>
	</size>
	<segmented>0</segmented>
	<object>
		<name>tablet computer</name>
		<pose>Unspecified</pose>
		<truncated>0</truncated>
		<difficult>0</difficult>
		<bndbox>
			<xmin>324</xmin>
			<ymin>70</ymin>
			<xmax>1322</xmax>
			<ymax>798</ymax>
		</bndbox>
	</object>
</annotation>
