<annotation>
	<folder>tablet computer</folder>
	<filename>tabletcomputer_328.jpg</filename>
	<path>C:\Users\jooye\OneDrive - dongguk.edu\data campus\project\Crawling\downloads\tablet computer\tabletcomputer_328.jpg</path>
	<source>
		<database>Unknown</database>
	</source>
	<size>
		<width>1350</width>
		<height>1185</height>
		<depth>3</depth>
	</size>
	<segmented>0</segmented>
	<object>
		<name>tablet computer</name>
		<pose>Unspecified</pose>
		<truncated>1</truncated>
		<difficult>0</difficult>
		<bndbox>
			<xmin>118</xmin>
			<ymin>260</ymin>
			<xmax>1350</xmax>
			<ymax>1130</ymax>
		</bndbox>
	</object>
	<object>
		<name>tablet computer</name>
		<pose>Unspecified</pose>
		<truncated>0</truncated>
		<difficult>0</difficult>
		<bndbox>
			<xmin>7</xmin>
			<ymin>3</ymin>
			<xmax>1145</xmax>
			<ymax>808</ymax>
		</bndbox>
	</object>
</annotation>
