<annotation>
	<folder>tablet computer</folder>
	<filename>tabletcomputer_111.jpg</filename>
	<path>C:\Users\jooye\OneDrive - dongguk.edu\data campus\project\Crawling\downloads\tablet computer\tabletcomputer_111.jpg</path>
	<source>
		<database>Unknown</database>
	</source>
	<size>
		<width>1945</width>
		<height>2000</height>
		<depth>3</depth>
	</size>
	<segmented>0</segmented>
	<object>
		<name>tablet computer</name>
		<pose>Unspecified</pose>
		<truncated>0</truncated>
		<difficult>0</difficult>
		<bndbox>
			<xmin>468</xmin>
			<ymin>192</ymin>
			<xmax>1703</xmax>
			<ymax>1805</ymax>
		</bndbox>
	</object>
	<object>
		<name>tablet computer</name>
		<pose>Unspecified</pose>
		<truncated>0</truncated>
		<difficult>0</difficult>
		<bndbox>
			<xmin>232</xmin>
			<ymin>194</ymin>
			<xmax>1387</xmax>
			<ymax>1810</ymax>
		</bndbox>
	</object>
</annotation>
