<annotation>
	<folder>images</folder>
	<filename>vd9_69.jpg</filename>
	<path>C:\Users\dongjae\vd9\images\vd9_69.jpg</path>
	<source>
		<database>Unknown</database>
	</source>
	<size>
		<width>2240</width>
		<height>1400</height>
		<depth>3</depth>
	</size>
	<segmented>0</segmented>
	<object>
		<name>pen(pencil)</name>
		<pose>Unspecified</pose>
		<truncated>0</truncated>
		<difficult>0</difficult>
		<bndbox>
			<xmin>19</xmin>
			<ymin>265</ymin>
			<xmax>711</xmax>
			<ymax>542</ymax>
		</bndbox>
	</object>
	<object>
		<name>book</name>
		<pose>Unspecified</pose>
		<truncated>1</truncated>
		<difficult>0</difficult>
		<bndbox>
			<xmin>708</xmin>
			<ymin>160</ymin>
			<xmax>2240</xmax>
			<ymax>746</ymax>
		</bndbox>
	</object>
	<object>
		<name>pen(pencil)</name>
		<pose>Unspecified</pose>
		<truncated>0</truncated>
		<difficult>0</difficult>
		<bndbox>
			<xmin>947</xmin>
			<ymin>631</ymin>
			<xmax>1824</xmax>
			<ymax>1035</ymax>
		</bndbox>
	</object>
	<object>
		<name>pen(pencil)</name>
		<pose>Unspecified</pose>
		<truncated>1</truncated>
		<difficult>0</difficult>
		<bndbox>
			<xmin>1</xmin>
			<ymin>989</ymin>
			<xmax>786</xmax>
			<ymax>1221</ymax>
		</bndbox>
	</object>
	<object>
		<name>pen(pencil)</name>
		<pose>Unspecified</pose>
		<truncated>1</truncated>
		<difficult>0</difficult>
		<bndbox>
			<xmin>1</xmin>
			<ymin>1073</ymin>
			<xmax>776</xmax>
			<ymax>1210</ymax>
		</bndbox>
	</object>
	<object>
		<name>book</name>
		<pose>Unspecified</pose>
		<truncated>0</truncated>
		<difficult>0</difficult>
		<bndbox>
			<xmin>392</xmin>
			<ymin>535</ymin>
			<xmax>1235</xmax>
			<ymax>1071</ymax>
		</bndbox>
	</object>
</annotation>
