<annotation>
	<folder>images</folder>
	<filename>vd9_107.jpg</filename>
	<path>C:\Users\dongjae\vd9\images\vd9_107.jpg</path>
	<source>
		<database>Unknown</database>
	</source>
	<size>
		<width>2240</width>
		<height>1400</height>
		<depth>3</depth>
	</size>
	<segmented>0</segmented>
	<object>
		<name>pen(pencil)</name>
		<pose>Unspecified</pose>
		<truncated>1</truncated>
		<difficult>0</difficult>
		<bndbox>
			<xmin>1</xmin>
			<ymin>586</ymin>
			<xmax>247</xmax>
			<ymax>812</ymax>
		</bndbox>
	</object>
	<object>
		<name>pen(pencil)</name>
		<pose>Unspecified</pose>
		<truncated>0</truncated>
		<difficult>0</difficult>
		<bndbox>
			<xmin>11</xmin>
			<ymin>874</ymin>
			<xmax>838</xmax>
			<ymax>1006</ymax>
		</bndbox>
	</object>
	<object>
		<name>pen(pencil)</name>
		<pose>Unspecified</pose>
		<truncated>1</truncated>
		<difficult>0</difficult>
		<bndbox>
			<xmin>1</xmin>
			<ymin>950</ymin>
			<xmax>635</xmax>
			<ymax>1253</ymax>
		</bndbox>
	</object>
	<object>
		<name>pen(pencil)</name>
		<pose>Unspecified</pose>
		<truncated>0</truncated>
		<difficult>0</difficult>
		<bndbox>
			<xmin>933</xmin>
			<ymin>635</ymin>
			<xmax>1794</xmax>
			<ymax>1029</ymax>
		</bndbox>
	</object>
	<object>
		<name>book</name>
		<pose>Unspecified</pose>
		<truncated>1</truncated>
		<difficult>0</difficult>
		<bndbox>
			<xmin>690</xmin>
			<ymin>140</ymin>
			<xmax>2240</xmax>
			<ymax>715</ymax>
		</bndbox>
	</object>
	<object>
		<name>book</name>
		<pose>Unspecified</pose>
		<truncated>0</truncated>
		<difficult>0</difficult>
		<bndbox>
			<xmin>204</xmin>
			<ymin>567</ymin>
			<xmax>1145</xmax>
			<ymax>1056</ymax>
		</bndbox>
	</object>
</annotation>
