<annotation>
	<folder>images</folder>
	<filename>vd9_35.jpg</filename>
	<path>C:\Users\dongjae\vd9\images\vd9_35.jpg</path>
	<source>
		<database>Unknown</database>
	</source>
	<size>
		<width>2240</width>
		<height>1400</height>
		<depth>3</depth>
	</size>
	<segmented>0</segmented>
	<object>
		<name>book</name>
		<pose>Unspecified</pose>
		<truncated>1</truncated>
		<difficult>0</difficult>
		<bndbox>
			<xmin>676</xmin>
			<ymin>133</ymin>
			<xmax>2240</xmax>
			<ymax>759</ymax>
		</bndbox>
	</object>
	<object>
		<name>pen(pencil)</name>
		<pose>Unspecified</pose>
		<truncated>0</truncated>
		<difficult>0</difficult>
		<bndbox>
			<xmin>960</xmin>
			<ymin>608</ymin>
			<xmax>1835</xmax>
			<ymax>1038</ymax>
		</bndbox>
	</object>
	<object>
		<name>pen(pencil)</name>
		<pose>Unspecified</pose>
		<truncated>1</truncated>
		<difficult>0</difficult>
		<bndbox>
			<xmin>1</xmin>
			<ymin>913</ymin>
			<xmax>1035</xmax>
			<ymax>1169</ymax>
		</bndbox>
	</object>
</annotation>
