<annotation>
	<folder>images</folder>
	<filename>vd9_49.jpg</filename>
	<path>C:\Users\dongjae\vd9\images\vd9_49.jpg</path>
	<source>
		<database>Unknown</database>
	</source>
	<size>
		<width>2240</width>
		<height>1400</height>
		<depth>3</depth>
	</size>
	<segmented>0</segmented>
	<object>
		<name>book</name>
		<pose>Unspecified</pose>
		<truncated>1</truncated>
		<difficult>0</difficult>
		<bndbox>
			<xmin>694</xmin>
			<ymin>147</ymin>
			<xmax>2240</xmax>
			<ymax>689</ymax>
		</bndbox>
	</object>
	<object>
		<name>pen(pencil)</name>
		<pose>Unspecified</pose>
		<truncated>0</truncated>
		<difficult>0</difficult>
		<bndbox>
			<xmin>924</xmin>
			<ymin>635</ymin>
			<xmax>1820</xmax>
			<ymax>1033</ymax>
		</bndbox>
	</object>
	<object>
		<name>pen(pencil)</name>
		<pose>Unspecified</pose>
		<truncated>1</truncated>
		<difficult>0</difficult>
		<bndbox>
			<xmin>1</xmin>
			<ymin>995</ymin>
			<xmax>790</xmax>
			<ymax>1212</ymax>
		</bndbox>
	</object>
	<object>
		<name>pen(pencil)</name>
		<pose>Unspecified</pose>
		<truncated>1</truncated>
		<difficult>0</difficult>
		<bndbox>
			<xmin>1</xmin>
			<ymin>1068</ymin>
			<xmax>788</xmax>
			<ymax>1192</ymax>
		</bndbox>
	</object>
	<object>
		<name>book</name>
		<pose>Unspecified</pose>
		<truncated>0</truncated>
		<difficult>0</difficult>
		<bndbox>
			<xmin>183</xmin>
			<ymin>556</ymin>
			<xmax>1090</xmax>
			<ymax>1178</ymax>
		</bndbox>
	</object>
</annotation>
