<annotation>
	<folder>desklamp</folder>
	<filename>desklamp_124.jpeg</filename>
	<path>C:\Users\nayeo\DataCampus\data\desklamp\desklamp_124.jpeg</path>
	<source>
		<database>Unknown</database>
	</source>
	<size>
		<width>340</width>
		<height>340</height>
		<depth>3</depth>
	</size>
	<segmented>0</segmented>
	<object>
		<name>desklamp</name>
		<pose>Unspecified</pose>
		<truncated>0</truncated>
		<difficult>0</difficult>
		<bndbox>
			<xmin>58</xmin>
			<ymin>53</ymin>
			<xmax>282</xmax>
			<ymax>286</ymax>
		</bndbox>
	</object>
</annotation>
