<annotation>
	<folder>desklamp</folder>
	<filename>desklamp_38.png</filename>
	<path>C:\Users\nayeo\DataCampus\data\desklamp\desklamp_38.png</path>
	<source>
		<database>Unknown</database>
	</source>
	<size>
		<width>0</width>
		<height>0</height>
		<depth>3</depth>
	</size>
	<segmented>0</segmented>
	<object>
		<name>desklamp</name>
		<pose>Unspecified</pose>
		<truncated>0</truncated>
		<difficult>0</difficult>
		<bndbox>
			<xmin>38</xmin>
			<ymin>91</ymin>
			<xmax>266</xmax>
			<ymax>472</ymax>
		</bndbox>
	</object>
</annotation>
