<annotation>
	<folder>desklamp</folder>
	<filename>desklamp_163.jpg</filename>
	<path>C:\Users\nayeo\DataCampus\data\desklamp\desklamp_163.jpg</path>
	<source>
		<database>Unknown</database>
	</source>
	<size>
		<width>340</width>
		<height>305</height>
		<depth>3</depth>
	</size>
	<segmented>0</segmented>
	<object>
		<name>desklamp</name>
		<pose>Unspecified</pose>
		<truncated>1</truncated>
		<difficult>0</difficult>
		<bndbox>
			<xmin>88</xmin>
			<ymin>14</ymin>
			<xmax>271</xmax>
			<ymax>305</ymax>
		</bndbox>
	</object>
</annotation>
