<annotation>
	<folder>desklamp</folder>
	<filename>desklamp_49.JPG</filename>
	<path>C:\Users\nayeo\DataCampus\data\desklamp\desklamp_49.JPG</path>
	<source>
		<database>Unknown</database>
	</source>
	<size>
		<width>340</width>
		<height>393</height>
		<depth>3</depth>
	</size>
	<segmented>0</segmented>
	<object>
		<name>desklamp</name>
		<pose>Unspecified</pose>
		<truncated>1</truncated>
		<difficult>0</difficult>
		<bndbox>
			<xmin>62</xmin>
			<ymin>12</ymin>
			<xmax>314</xmax>
			<ymax>393</ymax>
		</bndbox>
	</object>
</annotation>
