<annotation>
	<folder>desklamp</folder>
	<filename>desklamp_126.JPG</filename>
	<path>C:\Users\nayeo\DataCampus\data\desklamp\desklamp_126.JPG</path>
	<source>
		<database>Unknown</database>
	</source>
	<size>
		<width>340</width>
		<height>375</height>
		<depth>3</depth>
	</size>
	<segmented>0</segmented>
	<object>
		<name>desklamp</name>
		<pose>Unspecified</pose>
		<truncated>0</truncated>
		<difficult>0</difficult>
		<bndbox>
			<xmin>93</xmin>
			<ymin>140</ymin>
			<xmax>267</xmax>
			<ymax>347</ymax>
		</bndbox>
	</object>
</annotation>
