<annotation>
	<folder>desklamp</folder>
	<filename>desklamp_102.jpg</filename>
	<path>C:\Users\nayeo\DataCampus\data\desklamp\desklamp_102.jpg</path>
	<source>
		<database>Unknown</database>
	</source>
	<size>
		<width>340</width>
		<height>340</height>
		<depth>3</depth>
	</size>
	<segmented>0</segmented>
	<object>
		<name>desklamp</name>
		<pose>Unspecified</pose>
		<truncated>1</truncated>
		<difficult>0</difficult>
		<bndbox>
			<xmin>60</xmin>
			<ymin>14</ymin>
			<xmax>296</xmax>
			<ymax>340</ymax>
		</bndbox>
	</object>
</annotation>
