<annotation>
	<folder>desklamp</folder>
	<filename>desklamp_15.jpg</filename>
	<path>C:\Users\nayeo\DataCampus\data\desklamp\desklamp_15.jpg</path>
	<source>
		<database>Unknown</database>
	</source>
	<size>
		<width>340</width>
		<height>510</height>
		<depth>3</depth>
	</size>
	<segmented>0</segmented>
	<object>
		<name>desklamp</name>
		<pose>Unspecified</pose>
		<truncated>0</truncated>
		<difficult>0</difficult>
		<bndbox>
			<xmin>38</xmin>
			<ymin>60</ymin>
			<xmax>318</xmax>
			<ymax>475</ymax>
		</bndbox>
	</object>
</annotation>
