<annotation>
	<folder>desklamp</folder>
	<filename>desklamp_31.JPG</filename>
	<path>C:\Users\nayeo\DataCampus\data\desklamp\desklamp_31.JPG</path>
	<source>
		<database>Unknown</database>
	</source>
	<size>
		<width>340</width>
		<height>226</height>
		<depth>3</depth>
	</size>
	<segmented>0</segmented>
	<object>
		<name>desklamp</name>
		<pose>Unspecified</pose>
		<truncated>1</truncated>
		<difficult>0</difficult>
		<bndbox>
			<xmin>109</xmin>
			<ymin>1</ymin>
			<xmax>233</xmax>
			<ymax>150</ymax>
		</bndbox>
	</object>
</annotation>
