<annotation>
	<folder>desklamp</folder>
	<filename>desklamp_20.jpg</filename>
	<path>C:\Users\nayeo\DataCampus\data\desklamp\desklamp_20.jpg</path>
	<source>
		<database>Unknown</database>
	</source>
	<size>
		<width>340</width>
		<height>420</height>
		<depth>3</depth>
	</size>
	<segmented>0</segmented>
	<object>
		<name>desklamp</name>
		<pose>Unspecified</pose>
		<truncated>0</truncated>
		<difficult>0</difficult>
		<bndbox>
			<xmin>12</xmin>
			<ymin>9</ymin>
			<xmax>330</xmax>
			<ymax>407</ymax>
		</bndbox>
	</object>
</annotation>
