<annotation>
	<folder>desklamp</folder>
	<filename>desklamp_104.jpg</filename>
	<path>C:\Users\nayeo\DataCampus\data\desklamp\desklamp_104.jpg</path>
	<source>
		<database>Unknown</database>
	</source>
	<size>
		<width>340</width>
		<height>377</height>
		<depth>3</depth>
	</size>
	<segmented>0</segmented>
	<object>
		<name>desklamp</name>
		<pose>Unspecified</pose>
		<truncated>1</truncated>
		<difficult>0</difficult>
		<bndbox>
			<xmin>12</xmin>
			<ymin>10</ymin>
			<xmax>332</xmax>
			<ymax>377</ymax>
		</bndbox>
	</object>
</annotation>
