<annotation>
	<folder>cellphone</folder>
	<filename>97.JPG</filename>
	<path>C:\Users\su221\1st Project\sample_img\cellphone\97.JPG</path>
	<source>
		<database>Unknown</database>
	</source>
	<size>
		<width>340</width>
		<height>227</height>
		<depth>3</depth>
	</size>
	<segmented>0</segmented>
	<object>
		<name>cell phone</name>
		<pose>Unspecified</pose>
		<truncated>0</truncated>
		<difficult>0</difficult>
		<bndbox>
			<xmin>54</xmin>
			<ymin>20</ymin>
			<xmax>151</xmax>
			<ymax>203</ymax>
		</bndbox>
	</object>
	<object>
		<name>cell phone</name>
		<pose>Unspecified</pose>
		<truncated>0</truncated>
		<difficult>0</difficult>
		<bndbox>
			<xmin>186</xmin>
			<ymin>24</ymin>
			<xmax>280</xmax>
			<ymax>203</ymax>
		</bndbox>
	</object>
	<object>
		<name>cell phone</name>
		<pose>Unspecified</pose>
		<truncated>0</truncated>
		<difficult>0</difficult>
		<bndbox>
			<xmin>84</xmin>
			<ymin>77</ymin>
			<xmax>256</xmax>
			<ymax>165</ymax>
		</bndbox>
	</object>
</annotation>
