<annotation>
	<folder>cellphone</folder>
	<filename>479.JPG</filename>
	<path>C:\Users\su221\1st Project\sample_img\cellphone\479.JPG</path>
	<source>
		<database>Unknown</database>
	</source>
	<size>
		<width>340</width>
		<height>453</height>
		<depth>3</depth>
	</size>
	<segmented>0</segmented>
	<object>
		<name>cell phone</name>
		<pose>Unspecified</pose>
		<truncated>0</truncated>
		<difficult>0</difficult>
		<bndbox>
			<xmin>34</xmin>
			<ymin>85</ymin>
			<xmax>177</xmax>
			<ymax>379</ymax>
		</bndbox>
	</object>
	<object>
		<name>cell phone</name>
		<pose>Unspecified</pose>
		<truncated>0</truncated>
		<difficult>0</difficult>
		<bndbox>
			<xmin>181</xmin>
			<ymin>95</ymin>
			<xmax>313</xmax>
			<ymax>383</ymax>
		</bndbox>
	</object>
</annotation>
