<annotation>
	<folder>cellphone</folder>
	<filename>502.jpg</filename>
	<path>C:\Users\su221\1st Project\sample_img\cellphone\502.jpg</path>
	<source>
		<database>Unknown</database>
	</source>
	<size>
		<width>340</width>
		<height>227</height>
		<depth>3</depth>
	</size>
	<segmented>0</segmented>
	<object>
		<name>cell phone</name>
		<pose>Unspecified</pose>
		<truncated>0</truncated>
		<difficult>0</difficult>
		<bndbox>
			<xmin>173</xmin>
			<ymin>62</ymin>
			<xmax>273</xmax>
			<ymax>216</ymax>
		</bndbox>
	</object>
	<object>
		<name>cell phone</name>
		<pose>Unspecified</pose>
		<truncated>0</truncated>
		<difficult>0</difficult>
		<bndbox>
			<xmin>110</xmin>
			<ymin>40</ymin>
			<xmax>210</xmax>
			<ymax>181</ymax>
		</bndbox>
	</object>
	<object>
		<name>cell phone</name>
		<pose>Unspecified</pose>
		<truncated>0</truncated>
		<difficult>0</difficult>
		<bndbox>
			<xmin>44</xmin>
			<ymin>14</ymin>
			<xmax>148</xmax>
			<ymax>162</ymax>
		</bndbox>
	</object>
</annotation>
