<annotation>
	<folder>cellphone</folder>
	<filename>270.jpg</filename>
	<path>C:\Users\su221\1st Project\sample_img\cellphone\270.jpg</path>
	<source>
		<database>Unknown</database>
	</source>
	<size>
		<width>340</width>
		<height>227</height>
		<depth>3</depth>
	</size>
	<segmented>0</segmented>
	<object>
		<name>cell phone</name>
		<pose>Unspecified</pose>
		<truncated>0</truncated>
		<difficult>0</difficult>
		<bndbox>
			<xmin>184</xmin>
			<ymin>56</ymin>
			<xmax>296</xmax>
			<ymax>199</ymax>
		</bndbox>
	</object>
	<object>
		<name>cell phone</name>
		<pose>Unspecified</pose>
		<truncated>0</truncated>
		<difficult>0</difficult>
		<bndbox>
			<xmin>113</xmin>
			<ymin>54</ymin>
			<xmax>224</xmax>
			<ymax>186</ymax>
		</bndbox>
	</object>
	<object>
		<name>cell phone</name>
		<pose>Unspecified</pose>
		<truncated>0</truncated>
		<difficult>0</difficult>
		<bndbox>
			<xmin>48</xmin>
			<ymin>42</ymin>
			<xmax>154</xmax>
			<ymax>172</ymax>
		</bndbox>
	</object>
</annotation>
