<annotation>
	<folder>cellphone</folder>
	<filename>269.JPG</filename>
	<path>C:\Users\su221\1st Project\sample_img\cellphone\269.JPG</path>
	<source>
		<database>Unknown</database>
	</source>
	<size>
		<width>340</width>
		<height>191</height>
		<depth>3</depth>
	</size>
	<segmented>0</segmented>
	<object>
		<name>cell phone</name>
		<pose>Unspecified</pose>
		<truncated>0</truncated>
		<difficult>0</difficult>
		<bndbox>
			<xmin>207</xmin>
			<ymin>34</ymin>
			<xmax>274</xmax>
			<ymax>165</ymax>
		</bndbox>
	</object>
	<object>
		<name>cell phone</name>
		<pose>Unspecified</pose>
		<truncated>0</truncated>
		<difficult>0</difficult>
		<bndbox>
			<xmin>138</xmin>
			<ymin>39</ymin>
			<xmax>194</xmax>
			<ymax>164</ymax>
		</bndbox>
	</object>
	<object>
		<name>cell phone</name>
		<pose>Unspecified</pose>
		<truncated>0</truncated>
		<difficult>0</difficult>
		<bndbox>
			<xmin>87</xmin>
			<ymin>62</ymin>
			<xmax>124</xmax>
			<ymax>146</ymax>
		</bndbox>
	</object>
</annotation>
