<annotation>
	<folder>cellphone</folder>
	<filename>246.JPG</filename>
	<path>C:\Users\su221\1st Project\sample_img\cellphone\246.JPG</path>
	<source>
		<database>Unknown</database>
	</source>
	<size>
		<width>340</width>
		<height>528</height>
		<depth>3</depth>
	</size>
	<segmented>0</segmented>
	<object>
		<name>cell phone</name>
		<pose>Unspecified</pose>
		<truncated>0</truncated>
		<difficult>0</difficult>
		<bndbox>
			<xmin>79</xmin>
			<ymin>89</ymin>
			<xmax>282</xmax>
			<ymax>477</ymax>
		</bndbox>
	</object>
</annotation>
