<annotation>
	<folder>cellphone</folder>
	<filename>66.jpg</filename>
	<path>C:\Users\su221\1st Project\sample_img\cellphone\66.jpg</path>
	<source>
		<database>Unknown</database>
	</source>
	<size>
		<width>340</width>
		<height>255</height>
		<depth>3</depth>
	</size>
	<segmented>0</segmented>
	<object>
		<name>cell phone</name>
		<pose>Unspecified</pose>
		<truncated>0</truncated>
		<difficult>0</difficult>
		<bndbox>
			<xmin>46</xmin>
			<ymin>80</ymin>
			<xmax>97</xmax>
			<ymax>182</ymax>
		</bndbox>
	</object>
	<object>
		<name>cell phone</name>
		<pose>Unspecified</pose>
		<truncated>0</truncated>
		<difficult>0</difficult>
		<bndbox>
			<xmin>105</xmin>
			<ymin>75</ymin>
			<xmax>157</xmax>
			<ymax>185</ymax>
		</bndbox>
	</object>
	<object>
		<name>cell phone</name>
		<pose>Unspecified</pose>
		<truncated>0</truncated>
		<difficult>0</difficult>
		<bndbox>
			<xmin>161</xmin>
			<ymin>68</ymin>
			<xmax>216</xmax>
			<ymax>183</ymax>
		</bndbox>
	</object>
</annotation>
