<annotation>
	<folder>cellphone</folder>
	<filename>111.jpg</filename>
	<path>C:\Users\su221\1st Project\sample_img\cellphone\111.jpg</path>
	<source>
		<database>Unknown</database>
	</source>
	<size>
		<width>340</width>
		<height>255</height>
		<depth>3</depth>
	</size>
	<segmented>0</segmented>
	<object>
		<name>cell phone</name>
		<pose>Unspecified</pose>
		<truncated>0</truncated>
		<difficult>0</difficult>
		<bndbox>
			<xmin>85</xmin>
			<ymin>55</ymin>
			<xmax>276</xmax>
			<ymax>238</ymax>
		</bndbox>
	</object>
	<object>
		<name>cell phone</name>
		<pose>Unspecified</pose>
		<truncated>0</truncated>
		<difficult>0</difficult>
		<bndbox>
			<xmin>6</xmin>
			<ymin>55</ymin>
			<xmax>120</xmax>
			<ymax>242</ymax>
		</bndbox>
	</object>
	<object>
		<name>cell phone</name>
		<pose>Unspecified</pose>
		<truncated>0</truncated>
		<difficult>0</difficult>
		<bndbox>
			<xmin>263</xmin>
			<ymin>91</ymin>
			<xmax>327</xmax>
			<ymax>170</ymax>
		</bndbox>
	</object>
</annotation>
