<annotation>
	<folder>cellphone</folder>
	<filename>232.JPG</filename>
	<path>C:\Users\su221\1st Project\sample_img\cellphone\232.JPG</path>
	<source>
		<database>Unknown</database>
	</source>
	<size>
		<width>340</width>
		<height>227</height>
		<depth>3</depth>
	</size>
	<segmented>0</segmented>
	<object>
		<name>cell phone</name>
		<pose>Unspecified</pose>
		<truncated>0</truncated>
		<difficult>0</difficult>
		<bndbox>
			<xmin>76</xmin>
			<ymin>37</ymin>
			<xmax>178</xmax>
			<ymax>185</ymax>
		</bndbox>
	</object>
	<object>
		<name>cell phone</name>
		<pose>Unspecified</pose>
		<truncated>0</truncated>
		<difficult>0</difficult>
		<bndbox>
			<xmin>174</xmin>
			<ymin>36</ymin>
			<xmax>275</xmax>
			<ymax>179</ymax>
		</bndbox>
	</object>
</annotation>
