<annotation>
	<folder>cellphone</folder>
	<filename>240.jpg</filename>
	<path>C:\Users\su221\1st Project\sample_img\cellphone\240.jpg</path>
	<source>
		<database>Unknown</database>
	</source>
	<size>
		<width>340</width>
		<height>227</height>
		<depth>3</depth>
	</size>
	<segmented>0</segmented>
	<object>
		<name>cell phone</name>
		<pose>Unspecified</pose>
		<truncated>0</truncated>
		<difficult>0</difficult>
		<bndbox>
			<xmin>50</xmin>
			<ymin>16</ymin>
			<xmax>195</xmax>
			<ymax>184</ymax>
		</bndbox>
	</object>
	<object>
		<name>cell phone</name>
		<pose>Unspecified</pose>
		<truncated>0</truncated>
		<difficult>0</difficult>
		<bndbox>
			<xmin>123</xmin>
			<ymin>49</ymin>
			<xmax>266</xmax>
			<ymax>214</ymax>
		</bndbox>
	</object>
</annotation>
