<annotation>
	<folder>cellphone</folder>
	<filename>6.jpg</filename>
	<path>C:\Users\su221\1st Project\sample_img\cellphone\6.jpg</path>
	<source>
		<database>Unknown</database>
	</source>
	<size>
		<width>340</width>
		<height>340</height>
		<depth>3</depth>
	</size>
	<segmented>0</segmented>
	<object>
		<name>cell phone</name>
		<pose>Unspecified</pose>
		<truncated>0</truncated>
		<difficult>0</difficult>
		<bndbox>
			<xmin>179</xmin>
			<ymin>108</ymin>
			<xmax>296</xmax>
			<ymax>281</ymax>
		</bndbox>
	</object>
	<object>
		<name>cell phone</name>
		<pose>Unspecified</pose>
		<truncated>1</truncated>
		<difficult>0</difficult>
		<bndbox>
			<xmin>1</xmin>
			<ymin>92</ymin>
			<xmax>78</xmax>
			<ymax>286</ymax>
		</bndbox>
	</object>
</annotation>
