<annotation>
	<folder>cellphone</folder>
	<filename>450.PNG</filename>
	<path>C:\Users\su221\1st Project\sample_img\cellphone\450.PNG</path>
	<source>
		<database>Unknown</database>
	</source>
	<size>
		<width>0</width>
		<height>0</height>
		<depth>3</depth>
	</size>
	<segmented>0</segmented>
	<object>
		<name>cell phone</name>
		<pose>Unspecified</pose>
		<truncated>0</truncated>
		<difficult>0</difficult>
		<bndbox>
			<xmin>90</xmin>
			<ymin>37</ymin>
			<xmax>283</xmax>
			<ymax>427</ymax>
		</bndbox>
	</object>
</annotation>
