<annotation>
	<folder>cellphone</folder>
	<filename>95.jpg</filename>
	<path>C:\Users\su221\1st Project\sample_img\cellphone\95.jpg</path>
	<source>
		<database>Unknown</database>
	</source>
	<size>
		<width>340</width>
		<height>227</height>
		<depth>3</depth>
	</size>
	<segmented>0</segmented>
	<object>
		<name>cell phone</name>
		<pose>Unspecified</pose>
		<truncated>0</truncated>
		<difficult>0</difficult>
		<bndbox>
			<xmin>47</xmin>
			<ymin>85</ymin>
			<xmax>144</xmax>
			<ymax>186</ymax>
		</bndbox>
	</object>
	<object>
		<name>cell phone</name>
		<pose>Unspecified</pose>
		<truncated>0</truncated>
		<difficult>0</difficult>
		<bndbox>
			<xmin>144</xmin>
			<ymin>28</ymin>
			<xmax>266</xmax>
			<ymax>193</ymax>
		</bndbox>
	</object>
</annotation>
