<annotation>
	<folder>cellphone</folder>
	<filename>548.jpg</filename>
	<path>C:\Users\su221\1st Project\sample_img\cellphone\548.jpg</path>
	<source>
		<database>Unknown</database>
	</source>
	<size>
		<width>340</width>
		<height>255</height>
		<depth>3</depth>
	</size>
	<segmented>0</segmented>
	<object>
		<name>cell phone</name>
		<pose>Unspecified</pose>
		<truncated>0</truncated>
		<difficult>0</difficult>
		<bndbox>
			<xmin>114</xmin>
			<ymin>60</ymin>
			<xmax>196</xmax>
			<ymax>192</ymax>
		</bndbox>
	</object>
	<object>
		<name>cell phone</name>
		<pose>Unspecified</pose>
		<truncated>0</truncated>
		<difficult>0</difficult>
		<bndbox>
			<xmin>23</xmin>
			<ymin>63</ymin>
			<xmax>143</xmax>
			<ymax>232</ymax>
		</bndbox>
	</object>
</annotation>
