<annotation>
	<folder>cellphone</folder>
	<filename>231.png</filename>
	<path>C:\Users\su221\1st Project\sample_img\cellphone\231.png</path>
	<source>
		<database>Unknown</database>
	</source>
	<size>
		<width>0</width>
		<height>0</height>
		<depth>3</depth>
	</size>
	<segmented>0</segmented>
	<object>
		<name>cell phone</name>
		<pose>Unspecified</pose>
		<truncated>0</truncated>
		<difficult>0</difficult>
		<bndbox>
			<xmin>9</xmin>
			<ymin>37</ymin>
			<xmax>207</xmax>
			<ymax>189</ymax>
		</bndbox>
	</object>
	<object>
		<name>cell phone</name>
		<pose>Unspecified</pose>
		<truncated>0</truncated>
		<difficult>0</difficult>
		<bndbox>
			<xmin>172</xmin>
			<ymin>39</ymin>
			<xmax>277</xmax>
			<ymax>199</ymax>
		</bndbox>
	</object>
</annotation>
