<annotation>
	<folder>cellphone</folder>
	<filename>21.JPG</filename>
	<path>C:\Users\su221\1st Project\sample_img\cellphone\21.JPG</path>
	<source>
		<database>Unknown</database>
	</source>
	<size>
		<width>340</width>
		<height>453</height>
		<depth>3</depth>
	</size>
	<segmented>0</segmented>
	<object>
		<name>cell phone</name>
		<pose>Unspecified</pose>
		<truncated>0</truncated>
		<difficult>0</difficult>
		<bndbox>
			<xmin>77</xmin>
			<ymin>94</ymin>
			<xmax>234</xmax>
			<ymax>422</ymax>
		</bndbox>
	</object>
</annotation>
