<annotation>
	<folder>cellphone</folder>
	<filename>527.jpg</filename>
	<path>C:\Users\su221\1st Project\sample_img\cellphone\527.jpg</path>
	<source>
		<database>Unknown</database>
	</source>
	<size>
		<width>340</width>
		<height>227</height>
		<depth>3</depth>
	</size>
	<segmented>0</segmented>
	<object>
		<name>cell phone</name>
		<pose>Unspecified</pose>
		<truncated>1</truncated>
		<difficult>0</difficult>
		<bndbox>
			<xmin>143</xmin>
			<ymin>21</ymin>
			<xmax>340</xmax>
			<ymax>224</ymax>
		</bndbox>
	</object>
	<object>
		<name>cell phone</name>
		<pose>Unspecified</pose>
		<truncated>0</truncated>
		<difficult>0</difficult>
		<bndbox>
			<xmin>31</xmin>
			<ymin>37</ymin>
			<xmax>148</xmax>
			<ymax>188</ymax>
		</bndbox>
	</object>
</annotation>
