<annotation>
	<folder>cellphone</folder>
	<filename>54.jpg</filename>
	<path>C:\Users\su221\1st Project\sample_img\cellphone\54.jpg</path>
	<source>
		<database>Unknown</database>
	</source>
	<size>
		<width>340</width>
		<height>227</height>
		<depth>3</depth>
	</size>
	<segmented>0</segmented>
	<object>
		<name>cell phone</name>
		<pose>Unspecified</pose>
		<truncated>0</truncated>
		<difficult>0</difficult>
		<bndbox>
			<xmin>53</xmin>
			<ymin>22</ymin>
			<xmax>169</xmax>
			<ymax>131</ymax>
		</bndbox>
	</object>
	<object>
		<name>cell phone</name>
		<pose>Unspecified</pose>
		<truncated>0</truncated>
		<difficult>0</difficult>
		<bndbox>
			<xmin>121</xmin>
			<ymin>32</ymin>
			<xmax>283</xmax>
			<ymax>223</ymax>
		</bndbox>
	</object>
</annotation>
