<annotation>
	<folder>cellphone</folder>
	<filename>7.jpg</filename>
	<path>C:\Users\su221\1st Project\sample_img\cellphone\7.jpg</path>
	<source>
		<database>Unknown</database>
	</source>
	<size>
		<width>340</width>
		<height>259</height>
		<depth>3</depth>
	</size>
	<segmented>0</segmented>
	<object>
		<name>cell phone</name>
		<pose>Unspecified</pose>
		<truncated>0</truncated>
		<difficult>0</difficult>
		<bndbox>
			<xmin>27</xmin>
			<ymin>24</ymin>
			<xmax>187</xmax>
			<ymax>152</ymax>
		</bndbox>
	</object>
	<object>
		<name>cell phone</name>
		<pose>Unspecified</pose>
		<truncated>0</truncated>
		<difficult>0</difficult>
		<bndbox>
			<xmin>148</xmin>
			<ymin>73</ymin>
			<xmax>308</xmax>
			<ymax>236</ymax>
		</bndbox>
	</object>
</annotation>
