<annotation>
	<folder>cellphone</folder>
	<filename>277.jpg</filename>
	<path>C:\Users\su221\1st Project\sample_img\cellphone\277.jpg</path>
	<source>
		<database>Unknown</database>
	</source>
	<size>
		<width>340</width>
		<height>227</height>
		<depth>3</depth>
	</size>
	<segmented>0</segmented>
	<object>
		<name>cell phone</name>
		<pose>Unspecified</pose>
		<truncated>0</truncated>
		<difficult>0</difficult>
		<bndbox>
			<xmin>151</xmin>
			<ymin>65</ymin>
			<xmax>312</xmax>
			<ymax>217</ymax>
		</bndbox>
	</object>
	<object>
		<name>cell phone</name>
		<pose>Unspecified</pose>
		<truncated>1</truncated>
		<difficult>0</difficult>
		<bndbox>
			<xmin>90</xmin>
			<ymin>1</ymin>
			<xmax>196</xmax>
			<ymax>144</ymax>
		</bndbox>
	</object>
</annotation>
