<annotation>
	<folder>cellphone</folder>
	<filename>128.JPG</filename>
	<path>C:\Users\su221\1st Project\sample_img\cellphone\128.JPG</path>
	<source>
		<database>Unknown</database>
	</source>
	<size>
		<width>340</width>
		<height>510</height>
		<depth>3</depth>
	</size>
	<segmented>0</segmented>
	<object>
		<name>cell phone</name>
		<pose>Unspecified</pose>
		<truncated>0</truncated>
		<difficult>0</difficult>
		<bndbox>
			<xmin>92</xmin>
			<ymin>88</ymin>
			<xmax>283</xmax>
			<ymax>427</ymax>
		</bndbox>
	</object>
</annotation>
