<annotation>
	<folder>cellphone</folder>
	<filename>481.JPG</filename>
	<path>C:\Users\su221\1st Project\sample_img\cellphone\481.JPG</path>
	<source>
		<database>Unknown</database>
	</source>
	<size>
		<width>340</width>
		<height>227</height>
		<depth>3</depth>
	</size>
	<segmented>0</segmented>
	<object>
		<name>cell phone</name>
		<pose>Unspecified</pose>
		<truncated>0</truncated>
		<difficult>0</difficult>
		<bndbox>
			<xmin>97</xmin>
			<ymin>33</ymin>
			<xmax>190</xmax>
			<ymax>219</ymax>
		</bndbox>
	</object>
	<object>
		<name>cell phone</name>
		<pose>Unspecified</pose>
		<truncated>0</truncated>
		<difficult>0</difficult>
		<bndbox>
			<xmin>151</xmin>
			<ymin>12</ymin>
			<xmax>286</xmax>
			<ymax>169</ymax>
		</bndbox>
	</object>
</annotation>
