<annotation>
	<folder>cellphone</folder>
	<filename>510.JPG</filename>
	<path>C:\Users\su221\1st Project\sample_img\cellphone\510.JPG</path>
	<source>
		<database>Unknown</database>
	</source>
	<size>
		<width>340</width>
		<height>454</height>
		<depth>3</depth>
	</size>
	<segmented>0</segmented>
	<object>
		<name>cell phone</name>
		<pose>Unspecified</pose>
		<truncated>1</truncated>
		<difficult>0</difficult>
		<bndbox>
			<xmin>56</xmin>
			<ymin>28</ymin>
			<xmax>279</xmax>
			<ymax>454</ymax>
		</bndbox>
	</object>
</annotation>
