<annotation>
	<folder>cellphone</folder>
	<filename>456.JPG</filename>
	<path>C:\Users\su221\1st Project\sample_img\cellphone\456.JPG</path>
	<source>
		<database>Unknown</database>
	</source>
	<size>
		<width>340</width>
		<height>191</height>
		<depth>3</depth>
	</size>
	<segmented>0</segmented>
	<object>
		<name>cell phone</name>
		<pose>Unspecified</pose>
		<truncated>1</truncated>
		<difficult>0</difficult>
		<bndbox>
			<xmin>142</xmin>
			<ymin>40</ymin>
			<xmax>276</xmax>
			<ymax>191</ymax>
		</bndbox>
	</object>
	<object>
		<name>cell phone</name>
		<pose>Unspecified</pose>
		<truncated>0</truncated>
		<difficult>0</difficult>
		<bndbox>
			<xmin>19</xmin>
			<ymin>3</ymin>
			<xmax>163</xmax>
			<ymax>141</ymax>
		</bndbox>
	</object>
</annotation>
