<annotation>
	<folder>cellphone</folder>
	<filename>550.JPG</filename>
	<path>C:\Users\su221\1st Project\sample_img\cellphone\550.JPG</path>
	<source>
		<database>Unknown</database>
	</source>
	<size>
		<width>340</width>
		<height>227</height>
		<depth>3</depth>
	</size>
	<segmented>0</segmented>
	<object>
		<name>cell phone</name>
		<pose>Unspecified</pose>
		<truncated>0</truncated>
		<difficult>0</difficult>
		<bndbox>
			<xmin>50</xmin>
			<ymin>27</ymin>
			<xmax>161</xmax>
			<ymax>208</ymax>
		</bndbox>
	</object>
	<object>
		<name>cell phone</name>
		<pose>Unspecified</pose>
		<truncated>0</truncated>
		<difficult>0</difficult>
		<bndbox>
			<xmin>156</xmin>
			<ymin>35</ymin>
			<xmax>253</xmax>
			<ymax>202</ymax>
		</bndbox>
	</object>
</annotation>
