<annotation>
	<folder>cellphone</folder>
	<filename>496.png</filename>
	<path>C:\Users\su221\1st Project\sample_img\cellphone\496.png</path>
	<source>
		<database>Unknown</database>
	</source>
	<size>
		<width>340</width>
		<height>600</height>
		<depth>3</depth>
	</size>
	<segmented>0</segmented>
	<object>
		<name>cell phone</name>
		<pose>Unspecified</pose>
		<truncated>0</truncated>
		<difficult>0</difficult>
		<bndbox>
			<xmin>69</xmin>
			<ymin>135</ymin>
			<xmax>255</xmax>
			<ymax>492</ymax>
		</bndbox>
	</object>
	<object>
		<name>cell phone</name>
		<pose>Unspecified</pose>
		<truncated>1</truncated>
		<difficult>0</difficult>
		<bndbox>
			<xmin>64</xmin>
			<ymin>4</ymin>
			<xmax>340</xmax>
			<ymax>195</ymax>
		</bndbox>
	</object>
</annotation>
