<annotation>
	<folder>cellphone</folder>
	<filename>397.jpg</filename>
	<path>C:\Users\su221\1st Project\sample_img\cellphone\397.jpg</path>
	<source>
		<database>Unknown</database>
	</source>
	<size>
		<width>340</width>
		<height>340</height>
		<depth>3</depth>
	</size>
	<segmented>0</segmented>
	<object>
		<name>cell phone</name>
		<pose>Unspecified</pose>
		<truncated>0</truncated>
		<difficult>0</difficult>
		<bndbox>
			<xmin>13</xmin>
			<ymin>34</ymin>
			<xmax>328</xmax>
			<ymax>284</ymax>
		</bndbox>
	</object>
</annotation>
