<annotation>
	<folder>cellphone</folder>
	<filename>266.jpg</filename>
	<path>C:\Users\su221\1st Project\sample_img\cellphone\266.jpg</path>
	<source>
		<database>Unknown</database>
	</source>
	<size>
		<width>340</width>
		<height>227</height>
		<depth>3</depth>
	</size>
	<segmented>0</segmented>
	<object>
		<name>cell phone</name>
		<pose>Unspecified</pose>
		<truncated>0</truncated>
		<difficult>0</difficult>
		<bndbox>
			<xmin>63</xmin>
			<ymin>24</ymin>
			<xmax>286</xmax>
			<ymax>188</ymax>
		</bndbox>
	</object>
	<object>
		<name>cell phone</name>
		<pose>Unspecified</pose>
		<truncated>1</truncated>
		<difficult>0</difficult>
		<bndbox>
			<xmin>139</xmin>
			<ymin>103</ymin>
			<xmax>336</xmax>
			<ymax>227</ymax>
		</bndbox>
	</object>
	<object>
		<name>cell phone</name>
		<pose>Unspecified</pose>
		<truncated>1</truncated>
		<difficult>0</difficult>
		<bndbox>
			<xmin>1</xmin>
			<ymin>41</ymin>
			<xmax>98</xmax>
			<ymax>200</ymax>
		</bndbox>
	</object>
</annotation>
