<annotation>
	<folder>cellphone</folder>
	<filename>249.JPG</filename>
	<path>C:\Users\su221\1st Project\sample_img\cellphone\249.JPG</path>
	<source>
		<database>Unknown</database>
	</source>
	<size>
		<width>340</width>
		<height>255</height>
		<depth>3</depth>
	</size>
	<segmented>0</segmented>
	<object>
		<name>cell phone</name>
		<pose>Unspecified</pose>
		<truncated>0</truncated>
		<difficult>0</difficult>
		<bndbox>
			<xmin>52</xmin>
			<ymin>32</ymin>
			<xmax>258</xmax>
			<ymax>222</ymax>
		</bndbox>
	</object>
	<object>
		<name>cell phone</name>
		<pose>Unspecified</pose>
		<truncated>0</truncated>
		<difficult>0</difficult>
		<bndbox>
			<xmin>145</xmin>
			<ymin>74</ymin>
			<xmax>337</xmax>
			<ymax>254</ymax>
		</bndbox>
	</object>
</annotation>
