<annotation>
	<folder>cellphone</folder>
	<filename>215.jpeg</filename>
	<path>C:\Users\su221\1st Project\sample_img\cellphone\215.jpeg</path>
	<source>
		<database>Unknown</database>
	</source>
	<size>
		<width>340</width>
		<height>227</height>
		<depth>3</depth>
	</size>
	<segmented>0</segmented>
	<object>
		<name>cell phone</name>
		<pose>Unspecified</pose>
		<truncated>0</truncated>
		<difficult>0</difficult>
		<bndbox>
			<xmin>75</xmin>
			<ymin>13</ymin>
			<xmax>248</xmax>
			<ymax>216</ymax>
		</bndbox>
	</object>
</annotation>
