<annotation>
	<folder>cellphone</folder>
	<filename>219.jpg</filename>
	<path>C:\Users\su221\1st Project\sample_img\cellphone\219.jpg</path>
	<source>
		<database>Unknown</database>
	</source>
	<size>
		<width>340</width>
		<height>340</height>
		<depth>3</depth>
	</size>
	<segmented>0</segmented>
	<object>
		<name>cell phone</name>
		<pose>Unspecified</pose>
		<truncated>0</truncated>
		<difficult>0</difficult>
		<bndbox>
			<xmin>49</xmin>
			<ymin>43</ymin>
			<xmax>124</xmax>
			<ymax>201</ymax>
		</bndbox>
	</object>
	<object>
		<name>cell phone</name>
		<pose>Unspecified</pose>
		<truncated>0</truncated>
		<difficult>0</difficult>
		<bndbox>
			<xmin>130</xmin>
			<ymin>44</ymin>
			<xmax>201</xmax>
			<ymax>202</ymax>
		</bndbox>
	</object>
	<object>
		<name>cell phone</name>
		<pose>Unspecified</pose>
		<truncated>0</truncated>
		<difficult>0</difficult>
		<bndbox>
			<xmin>214</xmin>
			<ymin>43</ymin>
			<xmax>287</xmax>
			<ymax>199</ymax>
		</bndbox>
	</object>
</annotation>
