<annotation>
	<folder>laptop mouse</folder>
	<filename>mouse_321.jpg</filename>
	<path>C:\Users\yangk\Desktop\DL\새 폴더\laptop mouse\mouse_321.jpg</path>
	<source>
		<database>Unknown</database>
	</source>
	<size>
		<width>1200</width>
		<height>630</height>
		<depth>3</depth>
	</size>
	<segmented>0</segmented>
	<object>
		<name>mouse</name>
		<pose>Unspecified</pose>
		<truncated>0</truncated>
		<difficult>0</difficult>
		<bndbox>
			<xmin>174</xmin>
			<ymin>119</ymin>
			<xmax>801</xmax>
			<ymax>513</ymax>
		</bndbox>
	</object>
</annotation>
