<annotation>
	<folder>laptop mouse</folder>
	<filename>mouse_252.jpg</filename>
	<path>C:\Users\yangk\Desktop\DL\새 폴더\laptop mouse\mouse_252.jpg</path>
	<source>
		<database>Unknown</database>
	</source>
	<size>
		<width>2120</width>
		<height>1415</height>
		<depth>3</depth>
	</size>
	<segmented>0</segmented>
	<object>
		<name>mouse</name>
		<pose>Unspecified</pose>
		<truncated>0</truncated>
		<difficult>0</difficult>
		<bndbox>
			<xmin>1673</xmin>
			<ymin>901</ymin>
			<xmax>2029</xmax>
			<ymax>1287</ymax>
		</bndbox>
	</object>
</annotation>
