<annotation>
	<folder>laptop mouse</folder>
	<filename>mouse_151.jpg</filename>
	<path>C:\Users\yangk\Desktop\DL\새 폴더\laptop mouse\mouse_151.jpg</path>
	<source>
		<database>Unknown</database>
	</source>
	<size>
		<width>934</width>
		<height>1500</height>
		<depth>3</depth>
	</size>
	<segmented>0</segmented>
	<object>
		<name>mouse</name>
		<pose>Unspecified</pose>
		<truncated>1</truncated>
		<difficult>0</difficult>
		<bndbox>
			<xmin>11</xmin>
			<ymin>10</ymin>
			<xmax>929</xmax>
			<ymax>1500</ymax>
		</bndbox>
	</object>
</annotation>
