<annotation>
	<folder>laptop mouse</folder>
	<filename>mouse_168.jpg</filename>
	<path>C:\Users\yangk\Desktop\DL\새 폴더\laptop mouse\mouse_168.jpg</path>
	<source>
		<database>Unknown</database>
	</source>
	<size>
		<width>1280</width>
		<height>427</height>
		<depth>3</depth>
	</size>
	<segmented>0</segmented>
	<object>
		<name>mouse</name>
		<pose>Unspecified</pose>
		<truncated>0</truncated>
		<difficult>0</difficult>
		<bndbox>
			<xmin>586</xmin>
			<ymin>256</ymin>
			<xmax>790</xmax>
			<ymax>414</ymax>
		</bndbox>
	</object>
	<object>
		<name>mouse</name>
		<pose>Unspecified</pose>
		<truncated>0</truncated>
		<difficult>0</difficult>
		<bndbox>
			<xmin>776</xmin>
			<ymin>243</ymin>
			<xmax>960</xmax>
			<ymax>420</ymax>
		</bndbox>
	</object>
	<object>
		<name>mouse</name>
		<pose>Unspecified</pose>
		<truncated>0</truncated>
		<difficult>0</difficult>
		<bndbox>
			<xmin>926</xmin>
			<ymin>208</ymin>
			<xmax>1103</xmax>
			<ymax>357</ymax>
		</bndbox>
	</object>
	<object>
		<name>mouse</name>
		<pose>Unspecified</pose>
		<truncated>0</truncated>
		<difficult>0</difficult>
		<bndbox>
			<xmin>1000</xmin>
			<ymin>89</ymin>
			<xmax>1225</xmax>
			<ymax>232</ymax>
		</bndbox>
	</object>
	<object>
		<name>mouse</name>
		<pose>Unspecified</pose>
		<truncated>0</truncated>
		<difficult>0</difficult>
		<bndbox>
			<xmin>597</xmin>
			<ymin>104</ymin>
			<xmax>832</xmax>
			<ymax>233</ymax>
		</bndbox>
	</object>
</annotation>
