<annotation>
	<folder>laptop mouse</folder>
	<filename>mouse_234.jpg</filename>
	<path>C:\Users\yangk\Desktop\DL\새 폴더\laptop mouse\mouse_234.jpg</path>
	<source>
		<database>Unknown</database>
	</source>
	<size>
		<width>1000</width>
		<height>750</height>
		<depth>3</depth>
	</size>
	<segmented>0</segmented>
	<object>
		<name>mouse</name>
		<pose>Unspecified</pose>
		<truncated>0</truncated>
		<difficult>0</difficult>
		<bndbox>
			<xmin>384</xmin>
			<ymin>269</ymin>
			<xmax>907</xmax>
			<ymax>739</ymax>
		</bndbox>
	</object>
</annotation>
