<annotation>
	<folder>laptop mouse</folder>
	<filename>mouse_180.jpg</filename>
	<path>C:\Users\yangk\Desktop\DL\새 폴더\laptop mouse\mouse_180.jpg</path>
	<source>
		<database>Unknown</database>
	</source>
	<size>
		<width>3716</width>
		<height>2090</height>
		<depth>3</depth>
	</size>
	<segmented>0</segmented>
	<object>
		<name>mouse</name>
		<pose>Unspecified</pose>
		<truncated>0</truncated>
		<difficult>0</difficult>
		<bndbox>
			<xmin>574</xmin>
			<ymin>78</ymin>
			<xmax>3372</xmax>
			<ymax>2075</ymax>
		</bndbox>
	</object>
</annotation>
