<annotation>
	<folder>laptop mouse</folder>
	<filename>mouse_242.jpg</filename>
	<path>C:\Users\yangk\Desktop\DL\새 폴더\laptop mouse\mouse_242.jpg</path>
	<source>
		<database>Unknown</database>
	</source>
	<size>
		<width>1167</width>
		<height>1167</height>
		<depth>3</depth>
	</size>
	<segmented>0</segmented>
	<object>
		<name>mouse</name>
		<pose>Unspecified</pose>
		<truncated>0</truncated>
		<difficult>0</difficult>
		<bndbox>
			<xmin>260</xmin>
			<ymin>274</ymin>
			<xmax>870</xmax>
			<ymax>1120</ymax>
		</bndbox>
	</object>
</annotation>
