<annotation>
	<folder>laptop mouse</folder>
	<filename>mouse_313.jpg</filename>
	<path>C:\Users\yangk\Desktop\DL\새 폴더\laptop mouse\mouse_313.jpg</path>
	<source>
		<database>Unknown</database>
	</source>
	<size>
		<width>1206</width>
		<height>562</height>
		<depth>3</depth>
	</size>
	<segmented>0</segmented>
	<object>
		<name>mouse</name>
		<pose>Unspecified</pose>
		<truncated>0</truncated>
		<difficult>0</difficult>
		<bndbox>
			<xmin>586</xmin>
			<ymin>126</ymin>
			<xmax>1020</xmax>
			<ymax>392</ymax>
		</bndbox>
	</object>
</annotation>
