<annotation>
	<folder>laptop mouse</folder>
	<filename>mouse_297.jpg</filename>
	<path>C:\Users\yangk\Desktop\DL\새 폴더\laptop mouse\mouse_297.jpg</path>
	<source>
		<database>Unknown</database>
	</source>
	<size>
		<width>3612</width>
		<height>2709</height>
		<depth>3</depth>
	</size>
	<segmented>0</segmented>
	<object>
		<name>mouse</name>
		<pose>Unspecified</pose>
		<truncated>0</truncated>
		<difficult>0</difficult>
		<bndbox>
			<xmin>392</xmin>
			<ymin>552</ymin>
			<xmax>3030</xmax>
			<ymax>1861</ymax>
		</bndbox>
	</object>
</annotation>
