<annotation>
	<folder>laptop mouse</folder>
	<filename>mouse_164.jpg</filename>
	<path>C:\Users\yangk\Desktop\DL\새 폴더\laptop mouse\mouse_164.jpg</path>
	<source>
		<database>Unknown</database>
	</source>
	<size>
		<width>806</width>
		<height>1500</height>
		<depth>3</depth>
	</size>
	<segmented>0</segmented>
	<object>
		<name>mouse</name>
		<pose>Unspecified</pose>
		<truncated>1</truncated>
		<difficult>0</difficult>
		<bndbox>
			<xmin>15</xmin>
			<ymin>112</ymin>
			<xmax>798</xmax>
			<ymax>1500</ymax>
		</bndbox>
	</object>
</annotation>
