<annotation>
	<folder>laptop mouse</folder>
	<filename>mouse_327.jpg</filename>
	<path>C:\Users\yangk\Desktop\DL\새 폴더\laptop mouse\mouse_327.jpg</path>
	<source>
		<database>Unknown</database>
	</source>
	<size>
		<width>1300</width>
		<height>957</height>
		<depth>3</depth>
	</size>
	<segmented>0</segmented>
	<object>
		<name>mouse</name>
		<pose>Unspecified</pose>
		<truncated>0</truncated>
		<difficult>0</difficult>
		<bndbox>
			<xmin>972</xmin>
			<ymin>552</ymin>
			<xmax>1279</xmax>
			<ymax>746</ymax>
		</bndbox>
	</object>
</annotation>
