<annotation>
	<folder>laptop mouse</folder>
	<filename>mouse_303.jpeg</filename>
	<path>C:\Users\yangk\Desktop\DL\새 폴더\laptop mouse\mouse_303.jpeg</path>
	<source>
		<database>Unknown</database>
	</source>
	<size>
		<width>1020</width>
		<height>1020</height>
		<depth>3</depth>
	</size>
	<segmented>0</segmented>
	<object>
		<name>mouse</name>
		<pose>Unspecified</pose>
		<truncated>0</truncated>
		<difficult>0</difficult>
		<bndbox>
			<xmin>79</xmin>
			<ymin>231</ymin>
			<xmax>975</xmax>
			<ymax>856</ymax>
		</bndbox>
	</object>
</annotation>
