<annotation>
	<folder>laptop mouse</folder>
	<filename>mouse_256.jpg</filename>
	<path>C:\Users\yangk\Desktop\DL\새 폴더\laptop mouse\mouse_256.jpg</path>
	<source>
		<database>Unknown</database>
	</source>
	<size>
		<width>1438</width>
		<height>960</height>
		<depth>3</depth>
	</size>
	<segmented>0</segmented>
	<object>
		<name>mouse</name>
		<pose>Unspecified</pose>
		<truncated>0</truncated>
		<difficult>0</difficult>
		<bndbox>
			<xmin>761</xmin>
			<ymin>309</ymin>
			<xmax>1153</xmax>
			<ymax>591</ymax>
		</bndbox>
	</object>
</annotation>
