<annotation>
	<folder>laptop mouse</folder>
	<filename>mouse_184.jpg</filename>
	<path>C:\Users\yangk\Desktop\DL\새 폴더\laptop mouse\mouse_184.jpg</path>
	<source>
		<database>Unknown</database>
	</source>
	<size>
		<width>1482</width>
		<height>1352</height>
		<depth>3</depth>
	</size>
	<segmented>0</segmented>
	<object>
		<name>mouse</name>
		<pose>Unspecified</pose>
		<truncated>0</truncated>
		<difficult>0</difficult>
		<bndbox>
			<xmin>76</xmin>
			<ymin>6</ymin>
			<xmax>1481</xmax>
			<ymax>1328</ymax>
		</bndbox>
	</object>
</annotation>
