<annotation>
	<folder>laptop mouse</folder>
	<filename>mouse_225.jpeg</filename>
	<path>C:\Users\yangk\Desktop\DL\새 폴더\laptop mouse\mouse_225.jpeg</path>
	<source>
		<database>Unknown</database>
	</source>
	<size>
		<width>2392</width>
		<height>1342</height>
		<depth>3</depth>
	</size>
	<segmented>0</segmented>
	<object>
		<name>mouse</name>
		<pose>Unspecified</pose>
		<truncated>0</truncated>
		<difficult>0</difficult>
		<bndbox>
			<xmin>208</xmin>
			<ymin>155</ymin>
			<xmax>2116</xmax>
			<ymax>1077</ymax>
		</bndbox>
	</object>
</annotation>
