<annotation>
	<folder>laptop mouse</folder>
	<filename>mouse_166.jpg</filename>
	<path>C:\Users\yangk\Desktop\DL\새 폴더\laptop mouse\mouse_166.jpg</path>
	<source>
		<database>Unknown</database>
	</source>
	<size>
		<width>1140</width>
		<height>1244</height>
		<depth>3</depth>
	</size>
	<segmented>0</segmented>
	<object>
		<name>mouse</name>
		<pose>Unspecified</pose>
		<truncated>0</truncated>
		<difficult>0</difficult>
		<bndbox>
			<xmin>273</xmin>
			<ymin>589</ymin>
			<xmax>1074</xmax>
			<ymax>1171</ymax>
		</bndbox>
	</object>
</annotation>
