<annotation>
	<folder>laptop mouse</folder>
	<filename>mouse_216.jpg</filename>
	<path>C:\Users\yangk\Desktop\DL\새 폴더\laptop mouse\mouse_216.jpg</path>
	<source>
		<database>Unknown</database>
	</source>
	<size>
		<width>1409</width>
		<height>1434</height>
		<depth>3</depth>
	</size>
	<segmented>0</segmented>
	<object>
		<name>mouse</name>
		<pose>Unspecified</pose>
		<truncated>1</truncated>
		<difficult>0</difficult>
		<bndbox>
			<xmin>4</xmin>
			<ymin>1</ymin>
			<xmax>1157</xmax>
			<ymax>1434</ymax>
		</bndbox>
	</object>
</annotation>
