<annotation>
	<folder>laptop mouse</folder>
	<filename>mouse_201.jpg</filename>
	<path>C:\Users\yangk\Desktop\DL\새 폴더\laptop mouse\mouse_201.jpg</path>
	<source>
		<database>Unknown</database>
	</source>
	<size>
		<width>574</width>
		<height>355</height>
		<depth>3</depth>
	</size>
	<segmented>0</segmented>
	<object>
		<name>mouse</name>
		<pose>Unspecified</pose>
		<truncated>0</truncated>
		<difficult>0</difficult>
		<bndbox>
			<xmin>17</xmin>
			<ymin>7</ymin>
			<xmax>545</xmax>
			<ymax>286</ymax>
		</bndbox>
	</object>
</annotation>
