<annotation>
	<folder>laptop mouse</folder>
	<filename>mouse_261.jpg</filename>
	<path>C:\Users\yangk\Desktop\DL\새 폴더\laptop mouse\mouse_261.jpg</path>
	<source>
		<database>Unknown</database>
	</source>
	<size>
		<width>1600</width>
		<height>800</height>
		<depth>3</depth>
	</size>
	<segmented>0</segmented>
	<object>
		<name>mouse</name>
		<pose>Unspecified</pose>
		<truncated>0</truncated>
		<difficult>0</difficult>
		<bndbox>
			<xmin>110</xmin>
			<ymin>325</ymin>
			<xmax>382</xmax>
			<ymax>775</ymax>
		</bndbox>
	</object>
	<object>
		<name>mouse</name>
		<pose>Unspecified</pose>
		<truncated>0</truncated>
		<difficult>0</difficult>
		<bndbox>
			<xmin>382</xmin>
			<ymin>331</ymin>
			<xmax>688</xmax>
			<ymax>788</ymax>
		</bndbox>
	</object>
	<object>
		<name>mouse</name>
		<pose>Unspecified</pose>
		<truncated>0</truncated>
		<difficult>0</difficult>
		<bndbox>
			<xmin>684</xmin>
			<ymin>357</ymin>
			<xmax>960</xmax>
			<ymax>792</ymax>
		</bndbox>
	</object>
	<object>
		<name>mouse</name>
		<pose>Unspecified</pose>
		<truncated>1</truncated>
		<difficult>0</difficult>
		<bndbox>
			<xmin>931</xmin>
			<ymin>342</ymin>
			<xmax>1258</xmax>
			<ymax>800</ymax>
		</bndbox>
	</object>
	<object>
		<name>mouse</name>
		<pose>Unspecified</pose>
		<truncated>0</truncated>
		<difficult>0</difficult>
		<bndbox>
			<xmin>1256</xmin>
			<ymin>359</ymin>
			<xmax>1555</xmax>
			<ymax>791</ymax>
		</bndbox>
	</object>
	<object>
		<name>mouse</name>
		<pose>Unspecified</pose>
		<truncated>0</truncated>
		<difficult>0</difficult>
		<bndbox>
			<xmin>99</xmin>
			<ymin>26</ymin>
			<xmax>359</xmax>
			<ymax>320</ymax>
		</bndbox>
	</object>
	<object>
		<name>mouse</name>
		<pose>Unspecified</pose>
		<truncated>0</truncated>
		<difficult>0</difficult>
		<bndbox>
			<xmin>322</xmin>
			<ymin>12</ymin>
			<xmax>600</xmax>
			<ymax>326</ymax>
		</bndbox>
	</object>
	<object>
		<name>mouse</name>
		<pose>Unspecified</pose>
		<truncated>0</truncated>
		<difficult>0</difficult>
		<bndbox>
			<xmin>590</xmin>
			<ymin>31</ymin>
			<xmax>835</xmax>
			<ymax>337</ymax>
		</bndbox>
	</object>
	<object>
		<name>mouse</name>
		<pose>Unspecified</pose>
		<truncated>0</truncated>
		<difficult>0</difficult>
		<bndbox>
			<xmin>839</xmin>
			<ymin>24</ymin>
			<xmax>1104</xmax>
			<ymax>344</ymax>
		</bndbox>
	</object>
	<object>
		<name>mouse</name>
		<pose>Unspecified</pose>
		<truncated>0</truncated>
		<difficult>0</difficult>
		<bndbox>
			<xmin>1125</xmin>
			<ymin>28</ymin>
			<xmax>1390</xmax>
			<ymax>342</ymax>
		</bndbox>
	</object>
</annotation>
