<annotation>
	<folder>laptop mouse</folder>
	<filename>mouse_338.jpeg</filename>
	<path>C:\Users\yangk\Desktop\DL\새 폴더\laptop mouse\mouse_338.jpeg</path>
	<source>
		<database>Unknown</database>
	</source>
	<size>
		<width>1419</width>
		<height>1419</height>
		<depth>3</depth>
	</size>
	<segmented>0</segmented>
	<object>
		<name>mouse</name>
		<pose>Unspecified</pose>
		<truncated>0</truncated>
		<difficult>0</difficult>
		<bndbox>
			<xmin>11</xmin>
			<ymin>15</ymin>
			<xmax>1065</xmax>
			<ymax>1357</ymax>
		</bndbox>
	</object>
</annotation>
