<annotation>
	<folder>laptop mouse</folder>
	<filename>mouse_194.jpg</filename>
	<path>C:\Users\yangk\Desktop\DL\새 폴더\laptop mouse\mouse_194.jpg</path>
	<source>
		<database>Unknown</database>
	</source>
	<size>
		<width>738</width>
		<height>1271</height>
		<depth>3</depth>
	</size>
	<segmented>0</segmented>
	<object>
		<name>mouse</name>
		<pose>Unspecified</pose>
		<truncated>1</truncated>
		<difficult>0</difficult>
		<bndbox>
			<xmin>16</xmin>
			<ymin>10</ymin>
			<xmax>738</xmax>
			<ymax>1270</ymax>
		</bndbox>
	</object>
</annotation>
