<annotation>
	<folder>laptop mouse</folder>
	<filename>mouse_273.jpg</filename>
	<path>C:\Users\yangk\Desktop\DL\새 폴더\laptop mouse\mouse_273.jpg</path>
	<source>
		<database>Unknown</database>
	</source>
	<size>
		<width>538</width>
		<height>538</height>
		<depth>3</depth>
	</size>
	<segmented>0</segmented>
	<object>
		<name>mouse</name>
		<pose>Unspecified</pose>
		<truncated>0</truncated>
		<difficult>0</difficult>
		<bndbox>
			<xmin>70</xmin>
			<ymin>8</ymin>
			<xmax>466</xmax>
			<ymax>534</ymax>
		</bndbox>
	</object>
</annotation>
