<annotation>
	<folder>laptop mouse</folder>
	<filename>mouse_249.jpg</filename>
	<path>C:\Users\yangk\Desktop\DL\새 폴더\laptop mouse\mouse_249.jpg</path>
	<source>
		<database>Unknown</database>
	</source>
	<size>
		<width>1476</width>
		<height>848</height>
		<depth>3</depth>
	</size>
	<segmented>0</segmented>
	<object>
		<name>mouse</name>
		<pose>Unspecified</pose>
		<truncated>0</truncated>
		<difficult>0</difficult>
		<bndbox>
			<xmin>48</xmin>
			<ymin>9</ymin>
			<xmax>1475</xmax>
			<ymax>772</ymax>
		</bndbox>
	</object>
</annotation>
