<annotation>
	<folder>cellphone</folder>
	<filename>149.jpg</filename>
	<path>C:\Users\su221\1st Project\sample_img\cellphone\149.jpg</path>
	<source>
		<database>Unknown</database>
	</source>
	<size>
		<width>0</width>
		<height>0</height>
		<depth>3</depth>
	</size>
	<segmented>0</segmented>
	<object>
		<name>cell phone</name>
		<pose>Unspecified</pose>
		<truncated>0</truncated>
		<difficult>0</difficult>
		<bndbox>
			<xmin>33</xmin>
			<ymin>124</ymin>
			<xmax>278</xmax>
			<ymax>524</ymax>
		</bndbox>
	</object>
</annotation>
