<annotation>
	<folder>cellphone</folder>
	<filename>187.JPG</filename>
	<path>C:\Users\su221\1st Project\sample_img\cellphone\187.JPG</path>
	<source>
		<database>Unknown</database>
	</source>
	<size>
		<width>340</width>
		<height>235</height>
		<depth>3</depth>
	</size>
	<segmented>0</segmented>
	<object>
		<name>cell phone</name>
		<pose>Unspecified</pose>
		<truncated>1</truncated>
		<difficult>0</difficult>
		<bndbox>
			<xmin>2</xmin>
			<ymin>24</ymin>
			<xmax>223</xmax>
			<ymax>235</ymax>
		</bndbox>
	</object>
</annotation>
