<annotation>
	<folder>cellphone</folder>
	<filename>313.jpg</filename>
	<path>C:\Users\su221\1st Project\sample_img\cellphone\313.jpg</path>
	<source>
		<database>Unknown</database>
	</source>
	<size>
		<width>340</width>
		<height>227</height>
		<depth>3</depth>
	</size>
	<segmented>0</segmented>
	<object>
		<name>cell phone</name>
		<pose>Unspecified</pose>
		<truncated>0</truncated>
		<difficult>0</difficult>
		<bndbox>
			<xmin>73</xmin>
			<ymin>38</ymin>
			<xmax>214</xmax>
			<ymax>187</ymax>
		</bndbox>
	</object>
	<object>
		<name>cell phone</name>
		<pose>Unspecified</pose>
		<truncated>0</truncated>
		<difficult>0</difficult>
		<bndbox>
			<xmin>155</xmin>
			<ymin>22</ymin>
			<xmax>292</xmax>
			<ymax>161</ymax>
		</bndbox>
	</object>
	<object>
		<name>cell phone</name>
		<pose>Unspecified</pose>
		<truncated>0</truncated>
		<difficult>0</difficult>
		<bndbox>
			<xmin>72</xmin>
			<ymin>20</ymin>
			<xmax>293</xmax>
			<ymax>188</ymax>
		</bndbox>
	</object>
</annotation>
