<annotation>
	<folder>cellphone</folder>
	<filename>314.JPG</filename>
	<path>C:\Users\su221\1st Project\sample_img\cellphone\314.JPG</path>
	<source>
		<database>Unknown</database>
	</source>
	<size>
		<width>340</width>
		<height>227</height>
		<depth>3</depth>
	</size>
	<segmented>0</segmented>
	<object>
		<name>cell phone</name>
		<pose>Unspecified</pose>
		<truncated>0</truncated>
		<difficult>0</difficult>
		<bndbox>
			<xmin>95</xmin>
			<ymin>8</ymin>
			<xmax>214</xmax>
			<ymax>215</ymax>
		</bndbox>
	</object>
	<object>
		<name>cell phone</name>
		<pose>Unspecified</pose>
		<truncated>1</truncated>
		<difficult>0</difficult>
		<bndbox>
			<xmin>250</xmin>
			<ymin>26</ymin>
			<xmax>340</xmax>
			<ymax>219</ymax>
		</bndbox>
	</object>
</annotation>
