<annotation>
	<folder>cellphone</folder>
	<filename>36.JPG</filename>
	<path>C:\Users\su221\1st Project\sample_img\cellphone\36.JPG</path>
	<source>
		<database>Unknown</database>
	</source>
	<size>
		<width>340</width>
		<height>227</height>
		<depth>3</depth>
	</size>
	<segmented>0</segmented>
	<object>
		<name>cell phone</name>
		<pose>Unspecified</pose>
		<truncated>0</truncated>
		<difficult>0</difficult>
		<bndbox>
			<xmin>33</xmin>
			<ymin>18</ymin>
			<xmax>186</xmax>
			<ymax>210</ymax>
		</bndbox>
	</object>
	<object>
		<name>cell phone</name>
		<pose>Unspecified</pose>
		<truncated>0</truncated>
		<difficult>0</difficult>
		<bndbox>
			<xmin>130</xmin>
			<ymin>2</ymin>
			<xmax>330</xmax>
			<ymax>110</ymax>
		</bndbox>
	</object>
	<object>
		<name>cell phone</name>
		<pose>Unspecified</pose>
		<truncated>1</truncated>
		<difficult>0</difficult>
		<bndbox>
			<xmin>169</xmin>
			<ymin>85</ymin>
			<xmax>340</xmax>
			<ymax>225</ymax>
		</bndbox>
	</object>
</annotation>
