<annotation>
	<folder>cellphone</folder>
	<filename>379.jpg</filename>
	<path>C:\Users\su221\1st Project\sample_img\cellphone\379.jpg</path>
	<source>
		<database>Unknown</database>
	</source>
	<size>
		<width>340</width>
		<height>165</height>
		<depth>3</depth>
	</size>
	<segmented>0</segmented>
	<object>
		<name>cell phone</name>
		<pose>Unspecified</pose>
		<truncated>0</truncated>
		<difficult>0</difficult>
		<bndbox>
			<xmin>69</xmin>
			<ymin>18</ymin>
			<xmax>138</xmax>
			<ymax>123</ymax>
		</bndbox>
	</object>
	<object>
		<name>cell phone</name>
		<pose>Unspecified</pose>
		<truncated>0</truncated>
		<difficult>0</difficult>
		<bndbox>
			<xmin>134</xmin>
			<ymin>13</ymin>
			<xmax>201</xmax>
			<ymax>118</ymax>
		</bndbox>
	</object>
	<object>
		<name>cell phone</name>
		<pose>Unspecified</pose>
		<truncated>0</truncated>
		<difficult>0</difficult>
		<bndbox>
			<xmin>189</xmin>
			<ymin>18</ymin>
			<xmax>274</xmax>
			<ymax>130</ymax>
		</bndbox>
	</object>
</annotation>
