<annotation>
	<folder>cellphone</folder>
	<filename>40.jpg</filename>
	<path>C:\Users\su221\1st Project\sample_img\cellphone\40.jpg</path>
	<source>
		<database>Unknown</database>
	</source>
	<size>
		<width>340</width>
		<height>255</height>
		<depth>3</depth>
	</size>
	<segmented>0</segmented>
	<object>
		<name>cell phone</name>
		<pose>Unspecified</pose>
		<truncated>0</truncated>
		<difficult>0</difficult>
		<bndbox>
			<xmin>22</xmin>
			<ymin>22</ymin>
			<xmax>104</xmax>
			<ymax>195</ymax>
		</bndbox>
	</object>
	<object>
		<name>cell phone</name>
		<pose>Unspecified</pose>
		<truncated>0</truncated>
		<difficult>0</difficult>
		<bndbox>
			<xmin>118</xmin>
			<ymin>95</ymin>
			<xmax>207</xmax>
			<ymax>235</ymax>
		</bndbox>
	</object>
	<object>
		<name>cell phone</name>
		<pose>Unspecified</pose>
		<truncated>0</truncated>
		<difficult>0</difficult>
		<bndbox>
			<xmin>226</xmin>
			<ymin>96</ymin>
			<xmax>325</xmax>
			<ymax>241</ymax>
		</bndbox>
	</object>
</annotation>
