<annotation>
	<folder>wallet_images</folder>
	<filename>wallet2_82.jpg</filename>
	<path>C:\Users\nayeo\DataCampus\data\wallet_images\wallet2_82.jpg</path>
	<source>
		<database>Unknown</database>
	</source>
	<size>
		<width>340</width>
		<height>227</height>
		<depth>3</depth>
	</size>
	<segmented>0</segmented>
	<object>
		<name>wallet</name>
		<pose>Unspecified</pose>
		<truncated>1</truncated>
		<difficult>0</difficult>
		<bndbox>
			<xmin>4</xmin>
			<ymin>48</ymin>
			<xmax>213</xmax>
			<ymax>227</ymax>
		</bndbox>
	</object>
</annotation>
