<annotation>
	<folder>wallet_images</folder>
	<filename>wallet2_107.jpg</filename>
	<path>C:\Users\nayeo\DataCampus\data\wallet_images\wallet2_107.jpg</path>
	<source>
		<database>Unknown</database>
	</source>
	<size>
		<width>340</width>
		<height>227</height>
		<depth>3</depth>
	</size>
	<segmented>0</segmented>
	<object>
		<name>wallet</name>
		<pose>Unspecified</pose>
		<truncated>0</truncated>
		<difficult>0</difficult>
		<bndbox>
			<xmin>23</xmin>
			<ymin>40</ymin>
			<xmax>309</xmax>
			<ymax>203</ymax>
		</bndbox>
	</object>
</annotation>
