<annotation>
	<folder>wallet_images</folder>
	<filename>wallet2_72.JPG</filename>
	<path>C:\Users\nayeo\DataCampus\data\wallet_images\wallet2_72.JPG</path>
	<source>
		<database>Unknown</database>
	</source>
	<size>
		<width>340</width>
		<height>205</height>
		<depth>3</depth>
	</size>
	<segmented>0</segmented>
	<object>
		<name>wallet</name>
		<pose>Unspecified</pose>
		<truncated>0</truncated>
		<difficult>0</difficult>
		<bndbox>
			<xmin>89</xmin>
			<ymin>7</ymin>
			<xmax>208</xmax>
			<ymax>119</ymax>
		</bndbox>
	</object>
</annotation>
