<annotation>
	<folder>wallet_images</folder>
	<filename>wallet2_40.JPG</filename>
	<path>C:\Users\nayeo\DataCampus\data\wallet_images\wallet2_40.JPG</path>
	<source>
		<database>Unknown</database>
	</source>
	<size>
		<width>340</width>
		<height>226</height>
		<depth>3</depth>
	</size>
	<segmented>0</segmented>
	<object>
		<name>wallet</name>
		<pose>Unspecified</pose>
		<truncated>1</truncated>
		<difficult>0</difficult>
		<bndbox>
			<xmin>57</xmin>
			<ymin>35</ymin>
			<xmax>252</xmax>
			<ymax>226</ymax>
		</bndbox>
	</object>
</annotation>
