<annotation>
	<folder>wallet_images</folder>
	<filename>wallet2_140.jpg</filename>
	<path>C:\Users\nayeo\DataCampus\data\wallet_images\wallet2_140.jpg</path>
	<source>
		<database>Unknown</database>
	</source>
	<size>
		<width>340</width>
		<height>191</height>
		<depth>3</depth>
	</size>
	<segmented>0</segmented>
	<object>
		<name>wallet</name>
		<pose>Unspecified</pose>
		<truncated>1</truncated>
		<difficult>0</difficult>
		<bndbox>
			<xmin>113</xmin>
			<ymin>2</ymin>
			<xmax>320</xmax>
			<ymax>191</ymax>
		</bndbox>
	</object>
</annotation>
