<annotation>
	<folder>wallet_images</folder>
	<filename>wallet2_65.PNG</filename>
	<path>C:\Users\nayeo\DataCampus\data\wallet_images\wallet2_65.PNG</path>
	<source>
		<database>Unknown</database>
	</source>
	<size>
		<width>0</width>
		<height>0</height>
		<depth>3</depth>
	</size>
	<segmented>0</segmented>
	<object>
		<name>wallet</name>
		<pose>Unspecified</pose>
		<truncated>0</truncated>
		<difficult>0</difficult>
		<bndbox>
			<xmin>65</xmin>
			<ymin>3</ymin>
			<xmax>256</xmax>
			<ymax>195</ymax>
		</bndbox>
	</object>
</annotation>
