<annotation>
	<folder>airpods</folder>
	<filename>77.JPG</filename>
	<path>C:\Users\su221\1st Project\sample_img\airpods\77.JPG</path>
	<source>
		<database>Unknown</database>
	</source>
	<size>
		<width>340</width>
		<height>226</height>
		<depth>3</depth>
	</size>
	<segmented>0</segmented>
	<object>
		<name>airpods</name>
		<pose>Unspecified</pose>
		<truncated>1</truncated>
		<difficult>0</difficult>
		<bndbox>
			<xmin>42</xmin>
			<ymin>27</ymin>
			<xmax>270</xmax>
			<ymax>226</ymax>
		</bndbox>
	</object>
</annotation>
