<annotation>
	<folder>airpods</folder>
	<filename>188.jpg</filename>
	<path>C:\Users\su221\1st Project\sample_img\airpods\188.jpg</path>
	<source>
		<database>Unknown</database>
	</source>
	<size>
		<width>340</width>
		<height>255</height>
		<depth>3</depth>
	</size>
	<segmented>0</segmented>
	<object>
		<name>airpods</name>
		<pose>Unspecified</pose>
		<truncated>0</truncated>
		<difficult>0</difficult>
		<bndbox>
			<xmin>15</xmin>
			<ymin>50</ymin>
			<xmax>179</xmax>
			<ymax>226</ymax>
		</bndbox>
	</object>
</annotation>
