<annotation>
	<folder>airpods</folder>
	<filename>14.JPG</filename>
	<path>C:\Users\su221\1st Project\sample_img\airpods\14.JPG</path>
	<source>
		<database>Unknown</database>
	</source>
	<size>
		<width>340</width>
		<height>487</height>
		<depth>3</depth>
	</size>
	<segmented>0</segmented>
	<object>
		<name>airpods</name>
		<pose>Unspecified</pose>
		<truncated>0</truncated>
		<difficult>0</difficult>
		<bndbox>
			<xmin>37</xmin>
			<ymin>217</ymin>
			<xmax>89</xmax>
			<ymax>279</ymax>
		</bndbox>
	</object>
	<object>
		<name>airpods</name>
		<pose>Unspecified</pose>
		<truncated>0</truncated>
		<difficult>0</difficult>
		<bndbox>
			<xmin>100</xmin>
			<ymin>207</ymin>
			<xmax>138</xmax>
			<ymax>284</ymax>
		</bndbox>
	</object>
</annotation>
