<annotation>
	<folder>airpods</folder>
	<filename>71.jpg</filename>
	<path>C:\Users\su221\1st Project\sample_img\airpods\71.jpg</path>
	<source>
		<database>Unknown</database>
	</source>
	<size>
		<width>340</width>
		<height>227</height>
		<depth>3</depth>
	</size>
	<segmented>0</segmented>
	<object>
		<name>airpods</name>
		<pose>Unspecified</pose>
		<truncated>0</truncated>
		<difficult>0</difficult>
		<bndbox>
			<xmin>190</xmin>
			<ymin>73</ymin>
			<xmax>267</xmax>
			<ymax>133</ymax>
		</bndbox>
	</object>
	<object>
		<name>airpods</name>
		<pose>Unspecified</pose>
		<truncated>0</truncated>
		<difficult>0</difficult>
		<bndbox>
			<xmin>256</xmin>
			<ymin>135</ymin>
			<xmax>284</xmax>
			<ymax>175</ymax>
		</bndbox>
	</object>
	<object>
		<name>airpods</name>
		<pose>Unspecified</pose>
		<truncated>0</truncated>
		<difficult>0</difficult>
		<bndbox>
			<xmin>213</xmin>
			<ymin>146</ymin>
			<xmax>248</xmax>
			<ymax>181</ymax>
		</bndbox>
	</object>
</annotation>
